OrderID,CustomerIDFK,EmployeeIDFK,OrderDate,OrderStatus
OR0001,CID1555,EID1025,2024-03-18,Delivered
OR0002,CID1405,EID1043,2023-10-24,Canceled
OR0003,CID1694,EID1037,2023-07-07,Delivered
OR0004,CID1442,EID1021,2024-09-17,Delivered
OR0005,CID1384,EID1003,2023-12-21,Delivered
OR0006,CID1717,EID1047,2024-03-02,Delivered
OR0007,CID1208,EID1016,2023-01-21,Delivered
OR0008,CID1161,EID1022,2024-06-10,Delivered
OR0009,CID1170,EID1000,2024-09-09,Delivered
OR0010,CID1713,EID1036,2023-03-04,Delivered
OR0011,CID1079,EID1040,2023-12-07,Delivered
OR0012,CID1383,EID1031,2023-01-13,Delivered
OR0013,CID1657,EID1041,2023-09-20,Delivered
OR0014,CID1796,EID1025,2024-02-07,Delivered
OR0015,CID1175,EID1036,2024-10-19,Delivered
OR0016,CID1182,EID1032,2023-07-25,Delivered
OR0017,CID1154,EID1010,2024-04-12,Canceled
OR0018,CID1516,EID1039,2024-05-14,Delivered
OR0019,CID1395,EID1043,2023-04-24,Delivered
OR0020,CID1327,EID1005,2023-04-30,Delivered
OR0021,CID1528,EID1002,2023-09-20,Delivered
OR0022,CID1045,EID1032,2023-03-07,Delivered
OR0023,CID1510,EID1026,2023-05-29,Delivered
OR0024,CID1751,EID1026,2023-08-19,Delivered
OR0025,CID1664,EID1038,2023-12-07,Delivered
OR0026,CID1647,EID1037,2024-12-21,Shipped
OR0027,CID1450,EID1013,2023-01-12,Delivered
OR0028,CID1435,EID1027,2023-03-06,Delivered
OR0029,CID1421,EID1029,2023-11-27,Delivered
OR0030,CID1416,EID1019,2023-08-26,Delivered
OR0031,CID1658,EID1043,2023-12-03,Delivered
OR0032,CID1734,EID1001,2023-09-22,Canceled
OR0033,CID1534,EID1023,2023-12-03,Delivered
OR0034,CID1713,EID1002,2024-07-12,Delivered
OR0035,CID1076,EID1006,2024-05-15,Delivered
OR0036,CID1766,EID1027,2024-07-21,Delivered
OR0037,CID1318,EID1020,2024-05-24,Delivered
OR0038,CID1297,EID1042,2024-10-05,Delivered
OR0039,CID1788,EID1010,2023-08-25,Delivered
OR0040,CID1591,EID1028,2023-12-26,Delivered
OR0041,CID1223,EID1006,2024-04-15,Delivered
OR0042,CID1467,EID1023,2023-09-30,Canceled
OR0043,CID1686,EID1041,2024-10-26,Delivered
OR0044,CID1532,EID1004,2024-07-21,Canceled
OR0045,CID1322,EID1037,2023-05-18,Delivered
OR0046,CID1445,EID1033,2024-09-19,Canceled
OR0047,CID1772,EID1036,2024-02-24,Delivered
OR0048,CID1400,EID1017,2023-08-14,Delivered
OR0049,CID1356,EID1018,2023-05-02,Delivered
OR0050,CID1410,EID1021,2024-05-27,Delivered
OR0051,CID1474,EID1035,2023-11-19,Delivered
OR0052,CID1064,EID1011,2024-03-05,Delivered
OR0053,CID1716,EID1042,2024-05-19,Delivered
OR0054,CID1097,EID1035,2023-04-14,Delivered
OR0055,CID1855,EID1045,2023-07-08,Delivered
OR0056,CID1186,EID1016,2023-04-26,Delivered
OR0057,CID1378,EID1029,2024-09-01,Delivered
OR0058,CID1508,EID1040,2023-12-15,Delivered
OR0059,CID1586,EID1026,2024-07-02,Delivered
OR0060,CID1279,EID1011,2023-09-15,Delivered
OR0061,CID1786,EID1040,2023-10-26,Delivered
OR0062,CID1452,EID1022,2024-07-10,Canceled
OR0063,CID1448,EID1009,2023-11-22,Delivered
OR0064,CID1318,EID1016,2024-05-05,Delivered
OR0065,CID1237,EID1044,2023-12-08,Delivered
OR0066,CID1812,EID1020,2024-02-23,Delivered
OR0067,CID1136,EID1027,2024-02-17,Delivered
OR0068,CID1489,EID1027,2023-10-23,Delivered
OR0069,CID1764,EID1033,2024-06-12,Delivered
OR0070,CID1493,EID1025,2023-12-05,Delivered
OR0071,CID1035,EID1002,2023-03-13,Delivered
OR0072,CID1288,EID1030,2023-06-18,Delivered
OR0073,CID1396,EID1034,2023-09-08,Delivered
OR0074,CID1783,EID1031,2024-10-18,Delivered
OR0075,CID1597,EID1033,2024-07-31,Delivered
OR0076,CID1557,EID1037,2023-03-15,Delivered
OR0077,CID1853,EID1042,2023-12-11,Delivered
OR0078,CID1581,EID1030,2023-10-04,Delivered
OR0079,CID1849,EID1040,2023-04-28,Delivered
OR0080,CID1611,EID1016,2024-04-26,Delivered
OR0081,CID1263,EID1049,2024-11-13,Delivered
OR0082,CID1843,EID1032,2024-04-03,Delivered
OR0083,CID1519,EID1002,2023-09-09,Delivered
OR0084,CID1415,EID1041,2023-07-26,Delivered
OR0085,CID1206,EID1045,2024-02-23,Delivered
OR0086,CID1868,EID1037,2023-06-30,Delivered
OR0087,CID1692,EID1045,2023-01-05,Delivered
OR0088,CID1712,EID1005,2023-12-05,Delivered
OR0089,CID1544,EID1041,2024-02-28,Delivered
OR0090,CID1894,EID1034,2023-04-27,Delivered
OR0091,CID1474,EID1018,2023-11-17,Delivered
OR0092,CID1319,EID1010,2023-02-27,Delivered
OR0093,CID1310,EID1027,2023-07-11,Delivered
OR0094,CID1045,EID1049,2023-09-02,Delivered
OR0095,CID1531,EID1048,2024-12-12,Delivered
OR0096,CID1044,EID1030,2023-12-24,Delivered
OR0097,CID1382,EID1045,2024-09-12,Delivered
OR0098,CID1460,EID1049,2024-01-06,Delivered
OR0099,CID1337,EID1005,2023-04-04,Delivered
OR0100,CID1245,EID1011,2023-03-31,Delivered
OR0101,CID1808,EID1020,2024-09-03,Delivered
OR0102,CID1407,EID1000,2023-05-21,Delivered
OR0103,CID1246,EID1030,2023-09-08,Delivered
OR0104,CID1774,EID1045,2023-08-16,Delivered
OR0105,CID1760,EID1011,2023-06-16,Delivered
OR0106,CID1298,EID1024,2023-12-18,Delivered
OR0107,CID1242,EID1002,2024-10-16,Canceled
OR0108,CID1119,EID1004,2024-07-30,Delivered
OR0109,CID1616,EID1022,2024-11-05,Canceled
OR0110,CID1775,EID1042,2023-07-05,Delivered
OR0111,CID1304,EID1002,2023-06-23,Delivered
OR0112,CID1176,EID1045,2023-10-07,Delivered
OR0113,CID1358,EID1002,2023-04-21,Delivered
OR0114,CID1474,EID1041,2023-04-19,Delivered
OR0115,CID1861,EID1029,2023-10-27,Delivered
OR0116,CID1677,EID1046,2023-04-21,Delivered
OR0117,CID1877,EID1022,2024-09-26,Delivered
OR0118,CID1838,EID1025,2024-11-08,Delivered
OR0119,CID1316,EID1023,2024-10-09,Canceled
OR0120,CID1779,EID1007,2024-01-30,Delivered
OR0121,CID1101,EID1036,2023-04-07,Delivered
OR0122,CID1027,EID1045,2024-04-09,Delivered
OR0123,CID1558,EID1026,2024-08-05,Canceled
OR0124,CID1247,EID1000,2024-02-20,Delivered
OR0125,CID1324,EID1020,2024-05-29,Delivered
OR0126,CID1531,EID1022,2023-12-19,Delivered
OR0127,CID1277,EID1013,2024-09-30,Delivered
OR0128,CID1547,EID1025,2024-07-11,Delivered
OR0129,CID1439,EID1001,2023-03-20,Canceled
OR0130,CID1785,EID1016,2024-10-09,Delivered
OR0131,CID1514,EID1010,2023-07-07,Delivered
OR0132,CID1737,EID1032,2023-10-15,Delivered
OR0133,CID1244,EID1036,2023-04-12,Delivered
OR0134,CID1567,EID1006,2023-02-27,Delivered
OR0135,CID1874,EID1003,2023-08-07,Delivered
OR0136,CID1191,EID1035,2024-08-09,Delivered
OR0137,CID1052,EID1034,2024-05-09,Canceled
OR0138,CID1623,EID1018,2024-01-25,Delivered
OR0139,CID1203,EID1007,2024-04-22,Delivered
OR0140,CID1862,EID1004,2023-07-08,Delivered
OR0141,CID1576,EID1028,2023-03-08,Delivered
OR0142,CID1026,EID1031,2023-07-12,Delivered
OR0143,CID1221,EID1030,2024-07-03,Delivered
OR0144,CID1419,EID1039,2024-06-25,Canceled
OR0145,CID1554,EID1037,2023-05-15,Delivered
OR0146,CID1477,EID1000,2024-10-14,Delivered
OR0147,CID1548,EID1027,2023-07-16,Delivered
OR0148,CID1323,EID1020,2023-03-21,Delivered
OR0149,CID1277,EID1038,2024-09-01,Delivered
OR0150,CID1822,EID1037,2024-02-06,Delivered
OR0151,CID1136,EID1018,2023-07-17,Delivered
OR0152,CID1474,EID1003,2023-07-10,Delivered
OR0153,CID1575,EID1044,2023-01-25,Delivered
OR0154,CID1027,EID1013,2024-08-17,Delivered
OR0155,CID1308,EID1037,2023-03-13,Delivered
OR0156,CID1232,EID1017,2024-04-05,Canceled
OR0157,CID1707,EID1040,2024-04-29,Canceled
OR0158,CID1307,EID1005,2023-04-05,Delivered
OR0159,CID1130,EID1042,2024-08-02,Delivered
OR0160,CID1650,EID1036,2023-12-25,Delivered
OR0161,CID1211,EID1020,2024-08-28,Delivered
OR0162,CID1519,EID1033,2023-06-22,Delivered
OR0163,CID1497,EID1023,2023-05-06,Delivered
OR0164,CID1254,EID1032,2023-10-10,Delivered
OR0165,CID1520,EID1044,2024-08-27,Delivered
OR0166,CID1050,EID1021,2023-03-04,Delivered
OR0167,CID1638,EID1027,2023-09-02,Canceled
OR0168,CID1112,EID1007,2024-12-07,Delivered
OR0169,CID1757,EID1013,2023-07-24,Canceled
OR0170,CID1112,EID1036,2023-11-06,Delivered
OR0171,CID1488,EID1005,2024-12-11,Delivered
OR0172,CID1630,EID1036,2023-09-11,Canceled
OR0173,CID1556,EID1010,2024-10-06,Delivered
OR0174,CID1215,EID1043,2024-07-26,Delivered
OR0175,CID1713,EID1008,2024-05-21,Delivered
OR0176,CID1572,EID1043,2023-10-22,Delivered
OR0177,CID1739,EID1043,2023-02-21,Delivered
OR0178,CID1034,EID1000,2023-10-11,Delivered
OR0179,CID1795,EID1043,2024-09-08,Canceled
OR0180,CID1011,EID1043,2024-10-13,Canceled
OR0181,CID1265,EID1001,2023-08-19,Delivered
OR0182,CID1293,EID1047,2024-09-19,Delivered
OR0183,CID1768,EID1039,2023-03-20,Delivered
OR0184,CID1607,EID1008,2023-03-25,Delivered
OR0185,CID1443,EID1012,2024-03-26,Delivered
OR0186,CID1861,EID1006,2023-04-11,Delivered
OR0187,CID1432,EID1031,2023-11-18,Delivered
OR0188,CID1057,EID1006,2023-09-12,Delivered
OR0189,CID1597,EID1048,2024-06-14,Delivered
OR0190,CID1853,EID1014,2024-06-17,Delivered
OR0191,CID1699,EID1042,2023-11-18,Delivered
OR0192,CID1168,EID1034,2024-08-25,Delivered
OR0193,CID1707,EID1001,2024-08-07,Delivered
OR0194,CID1204,EID1049,2023-05-24,Canceled
OR0195,CID1172,EID1022,2023-01-30,Delivered
OR0196,CID1842,EID1012,2023-08-08,Delivered
OR0197,CID1807,EID1018,2024-02-19,Delivered
OR0198,CID1433,EID1009,2024-03-18,Delivered
OR0199,CID1784,EID1029,2024-01-12,Delivered
OR0200,CID1175,EID1023,2024-01-26,Delivered
OR0201,CID1590,EID1006,2023-08-21,Delivered
OR0202,CID1837,EID1020,2024-05-08,Delivered
OR0203,CID1244,EID1038,2023-03-14,Delivered
OR0204,CID1006,EID1007,2024-08-17,Delivered
OR0205,CID1600,EID1043,2024-08-27,Canceled
OR0206,CID1128,EID1022,2023-04-19,Delivered
OR0207,CID1267,EID1023,2023-11-17,Delivered
OR0208,CID1444,EID1031,2024-07-03,Delivered
OR0209,CID1422,EID1045,2023-02-12,Delivered
OR0210,CID1838,EID1041,2024-02-07,Delivered
OR0211,CID1411,EID1023,2023-08-21,Delivered
OR0212,CID1894,EID1021,2024-10-14,Canceled
OR0213,CID1200,EID1019,2023-10-19,Delivered
OR0214,CID1831,EID1041,2023-04-14,Delivered
OR0215,CID1090,EID1027,2023-06-28,Delivered
OR0216,CID1149,EID1041,2024-07-17,Delivered
OR0217,CID1262,EID1043,2024-02-23,Delivered
OR0218,CID1701,EID1016,2023-04-09,Canceled
OR0219,CID1374,EID1038,2023-10-29,Delivered
OR0220,CID1346,EID1006,2023-11-13,Delivered
OR0221,CID1709,EID1027,2024-11-23,Delivered
OR0222,CID1083,EID1000,2024-07-13,Delivered
OR0223,CID1200,EID1000,2023-03-02,Delivered
OR0224,CID1103,EID1001,2024-09-18,Canceled
OR0225,CID1040,EID1017,2023-05-09,Delivered
OR0226,CID1184,EID1031,2024-01-14,Delivered
OR0227,CID1674,EID1048,2023-12-28,Delivered
OR0228,CID1628,EID1003,2024-08-25,Canceled
OR0229,CID1861,EID1017,2023-11-14,Delivered
OR0230,CID1561,EID1027,2023-01-06,Delivered
OR0231,CID1333,EID1038,2023-10-20,Delivered
OR0232,CID1100,EID1037,2023-06-03,Delivered
OR0233,CID1200,EID1048,2024-02-18,Canceled
OR0234,CID1821,EID1000,2023-09-30,Delivered
OR0235,CID1352,EID1004,2023-03-08,Canceled
OR0236,CID1699,EID1011,2023-01-21,Canceled
OR0237,CID1509,EID1041,2024-10-02,Delivered
OR0238,CID1202,EID1022,2023-08-04,Delivered
OR0239,CID1048,EID1014,2023-04-21,Canceled
OR0240,CID1394,EID1018,2024-01-16,Delivered
OR0241,CID1655,EID1009,2024-10-07,Delivered
OR0242,CID1795,EID1037,2024-11-05,Canceled
OR0243,CID1816,EID1014,2023-11-25,Delivered
OR0244,CID1714,EID1037,2023-03-07,Delivered
OR0245,CID1560,EID1026,2024-06-20,Delivered
OR0246,CID1493,EID1003,2024-01-25,Delivered
OR0247,CID1305,EID1002,2024-04-19,Delivered
OR0248,CID1824,EID1048,2023-07-01,Delivered
OR0249,CID1868,EID1016,2024-09-25,Delivered
OR0250,CID1459,EID1042,2023-01-23,Delivered
OR0251,CID1164,EID1048,2023-12-02,Delivered
OR0252,CID1693,EID1032,2024-01-27,Delivered
OR0253,CID1273,EID1032,2024-06-26,Delivered
OR0254,CID1537,EID1041,2024-06-22,Delivered
OR0255,CID1057,EID1002,2024-12-03,Delivered
OR0256,CID1856,EID1038,2024-06-07,Delivered
OR0257,CID1605,EID1030,2023-07-24,Delivered
OR0258,CID1341,EID1033,2024-03-08,Delivered
OR0259,CID1032,EID1015,2024-09-14,Delivered
OR0260,CID1453,EID1030,2023-05-13,Delivered
OR0261,CID1795,EID1039,2024-09-27,Delivered
OR0262,CID1866,EID1039,2023-12-24,Delivered
OR0263,CID1129,EID1040,2023-03-20,Delivered
OR0264,CID1290,EID1049,2024-09-06,Delivered
OR0265,CID1690,EID1046,2023-05-28,Delivered
OR0266,CID1764,EID1040,2023-05-06,Delivered
OR0267,CID1515,EID1012,2023-06-18,Delivered
OR0268,CID1424,EID1039,2023-05-07,Delivered
OR0269,CID1311,EID1017,2023-01-22,Delivered
OR0270,CID1354,EID1045,2024-04-08,Delivered
OR0271,CID1322,EID1047,2024-08-17,Delivered
OR0272,CID1056,EID1024,2023-08-20,Canceled
OR0273,CID1335,EID1011,2023-01-18,Delivered
OR0274,CID1517,EID1017,2024-01-16,Delivered
OR0275,CID1362,EID1045,2023-10-23,Delivered
OR0276,CID1872,EID1028,2024-08-08,Delivered
OR0277,CID1008,EID1010,2023-12-31,Delivered
OR0278,CID1097,EID1031,2024-07-29,Delivered
OR0279,CID1412,EID1029,2023-12-15,Delivered
OR0280,CID1433,EID1022,2023-03-21,Delivered
OR0281,CID1322,EID1016,2023-04-23,Delivered
OR0282,CID1007,EID1005,2023-09-14,Delivered
OR0283,CID1012,EID1019,2024-05-22,Delivered
OR0284,CID1794,EID1032,2023-01-10,Canceled
OR0285,CID1666,EID1010,2024-07-14,Delivered
OR0286,CID1711,EID1039,2023-03-20,Delivered
OR0287,CID1387,EID1016,2024-08-10,Delivered
OR0288,CID1564,EID1039,2023-09-25,Delivered
OR0289,CID1615,EID1006,2023-01-19,Canceled
OR0290,CID1629,EID1035,2023-12-07,Delivered
OR0291,CID1712,EID1013,2023-02-26,Delivered
OR0292,CID1081,EID1006,2024-11-29,Delivered
OR0293,CID1146,EID1011,2023-10-26,Canceled
OR0294,CID1785,EID1013,2024-10-05,Delivered
OR0295,CID1795,EID1035,2023-03-05,Delivered
OR0296,CID1233,EID1016,2024-03-11,Delivered
OR0297,CID1553,EID1042,2023-04-12,Canceled
OR0298,CID1036,EID1030,2023-05-12,Delivered
OR0299,CID1246,EID1014,2024-06-16,Delivered
OR0300,CID1706,EID1013,2024-10-05,Delivered
OR0301,CID1537,EID1046,2023-01-25,Canceled
OR0302,CID1611,EID1024,2023-02-16,Delivered
OR0303,CID1458,EID1028,2024-03-30,Delivered
OR0304,CID1743,EID1044,2023-11-30,Delivered
OR0305,CID1671,EID1011,2024-07-10,Delivered
OR0306,CID1526,EID1004,2024-01-06,Delivered
OR0307,CID1138,EID1022,2024-06-25,Delivered
OR0308,CID1813,EID1014,2023-12-27,Delivered
OR0309,CID1751,EID1037,2023-10-08,Delivered
OR0310,CID1236,EID1012,2023-03-17,Delivered
OR0311,CID1533,EID1023,2023-10-28,Delivered
OR0312,CID1350,EID1002,2023-05-28,Canceled
OR0313,CID1182,EID1035,2023-01-24,Delivered
OR0314,CID1115,EID1043,2024-08-28,Delivered
OR0315,CID1727,EID1035,2024-01-23,Delivered
OR0316,CID1284,EID1043,2023-11-02,Delivered
OR0317,CID1832,EID1008,2023-07-18,Delivered
OR0318,CID1861,EID1034,2024-06-10,Canceled
OR0319,CID1044,EID1037,2024-01-03,Delivered
OR0320,CID1243,EID1024,2024-08-11,Delivered
OR0321,CID1035,EID1004,2024-08-11,Canceled
OR0322,CID1078,EID1006,2024-04-25,Delivered
OR0323,CID1166,EID1002,2024-09-20,Delivered
OR0324,CID1306,EID1049,2024-02-02,Delivered
OR0325,CID1312,EID1027,2023-12-30,Delivered
OR0326,CID1364,EID1002,2024-01-17,Delivered
OR0327,CID1618,EID1030,2024-12-03,Delivered
OR0328,CID1521,EID1009,2023-03-28,Delivered
OR0329,CID1002,EID1047,2024-07-03,Delivered
OR0330,CID1566,EID1011,2024-02-05,Delivered
OR0331,CID1139,EID1003,2024-08-14,Delivered
OR0332,CID1042,EID1015,2024-05-26,Delivered
OR0333,CID1826,EID1009,2023-12-08,Delivered
OR0334,CID1176,EID1005,2023-12-16,Canceled
OR0335,CID1467,EID1036,2023-06-26,Delivered
OR0336,CID1113,EID1031,2023-01-21,Delivered
OR0337,CID1214,EID1026,2023-10-23,Delivered
OR0338,CID1820,EID1017,2023-12-04,Delivered
OR0339,CID1038,EID1021,2023-11-10,Delivered
OR0340,CID1886,EID1034,2023-12-27,Delivered
OR0341,CID1532,EID1036,2023-01-03,Delivered
OR0342,CID1533,EID1026,2023-07-10,Delivered
OR0343,CID1050,EID1035,2024-02-12,Delivered
OR0344,CID1771,EID1001,2024-04-16,Delivered
OR0345,CID1006,EID1047,2023-05-07,Delivered
OR0346,CID1713,EID1024,2023-12-01,Delivered
OR0347,CID1368,EID1017,2024-08-14,Delivered
OR0348,CID1392,EID1038,2024-04-26,Delivered
OR0349,CID1587,EID1011,2024-09-30,Delivered
OR0350,CID1539,EID1039,2024-05-21,Canceled
OR0351,CID1111,EID1027,2024-02-17,Delivered
OR0352,CID1745,EID1049,2024-01-29,Delivered
OR0353,CID1514,EID1020,2024-09-16,Canceled
OR0354,CID1882,EID1007,2024-01-17,Delivered
OR0355,CID1289,EID1038,2024-09-20,Delivered
OR0356,CID1716,EID1038,2023-04-11,Canceled
OR0357,CID1034,EID1032,2024-03-18,Delivered
OR0358,CID1539,EID1034,2024-10-11,Delivered
OR0359,CID1289,EID1011,2024-03-26,Delivered
OR0360,CID1323,EID1032,2023-08-21,Delivered
OR0361,CID1354,EID1043,2023-04-14,Delivered
OR0362,CID1503,EID1004,2023-03-23,Canceled
OR0363,CID1162,EID1045,2024-02-28,Delivered
OR0364,CID1210,EID1048,2024-07-18,Delivered
OR0365,CID1280,EID1009,2023-05-14,Delivered
OR0366,CID1683,EID1010,2023-04-08,Delivered
OR0367,CID1201,EID1013,2024-12-19,Shipped
OR0368,CID1865,EID1022,2023-05-09,Delivered
OR0369,CID1364,EID1023,2024-07-11,Delivered
OR0370,CID1552,EID1014,2023-07-07,Delivered
OR0371,CID1871,EID1043,2024-03-10,Delivered
OR0372,CID1166,EID1014,2023-09-16,Delivered
OR0373,CID1352,EID1013,2023-04-02,Canceled
OR0374,CID1584,EID1026,2023-02-01,Delivered
OR0375,CID1887,EID1041,2024-03-13,Delivered
OR0376,CID1446,EID1017,2023-02-26,Canceled
OR0377,CID1026,EID1043,2024-08-03,Delivered
OR0378,CID1513,EID1018,2023-02-19,Delivered
OR0379,CID1513,EID1024,2023-01-18,Delivered
OR0380,CID1688,EID1015,2024-02-22,Delivered
OR0381,CID1643,EID1017,2023-12-06,Delivered
OR0382,CID1764,EID1049,2024-05-25,Delivered
OR0383,CID1424,EID1004,2023-12-31,Delivered
OR0384,CID1885,EID1037,2024-10-28,Delivered
OR0385,CID1584,EID1017,2023-04-15,Delivered
OR0386,CID1744,EID1001,2024-08-20,Delivered
OR0387,CID1024,EID1005,2024-11-23,Canceled
OR0388,CID1682,EID1044,2024-01-15,Canceled
OR0389,CID1257,EID1018,2023-04-02,Delivered
OR0390,CID1087,EID1044,2023-08-07,Delivered
OR0391,CID1211,EID1028,2023-02-04,Delivered
OR0392,CID1807,EID1033,2023-07-08,Delivered
OR0393,CID1707,EID1039,2023-10-31,Delivered
OR0394,CID1523,EID1020,2024-07-07,Delivered
OR0395,CID1250,EID1022,2024-11-19,Delivered
OR0396,CID1542,EID1035,2024-07-06,Delivered
OR0397,CID1340,EID1025,2023-09-25,Delivered
OR0398,CID1214,EID1035,2024-06-16,Delivered
OR0399,CID1554,EID1034,2023-06-28,Canceled
OR0400,CID1897,EID1024,2023-10-01,Delivered
OR0401,CID1518,EID1016,2024-03-08,Delivered
OR0402,CID1240,EID1046,2023-01-15,Canceled
OR0403,CID1221,EID1007,2024-05-07,Delivered
OR0404,CID1040,EID1049,2023-05-21,Delivered
OR0405,CID1483,EID1032,2024-01-01,Delivered
OR0406,CID1059,EID1045,2024-03-24,Delivered
OR0407,CID1857,EID1022,2024-01-25,Delivered
OR0408,CID1552,EID1005,2023-12-08,Delivered
OR0409,CID1218,EID1001,2024-05-24,Canceled
OR0410,CID1084,EID1014,2024-11-25,Canceled
OR0411,CID1368,EID1018,2023-09-28,Delivered
OR0412,CID1482,EID1024,2024-05-02,Delivered
OR0413,CID1075,EID1046,2024-11-19,Delivered
OR0414,CID1887,EID1008,2023-04-17,Delivered
OR0415,CID1657,EID1029,2024-09-29,Delivered
OR0416,CID1565,EID1039,2024-08-27,Delivered
OR0417,CID1697,EID1022,2023-03-24,Delivered
OR0418,CID1309,EID1040,2023-07-02,Delivered
OR0419,CID1004,EID1006,2023-05-25,Delivered
OR0420,CID1064,EID1048,2024-04-01,Delivered
OR0421,CID1575,EID1033,2024-11-11,Delivered
OR0422,CID1667,EID1004,2023-04-19,Delivered
OR0423,CID1580,EID1036,2024-07-11,Delivered
OR0424,CID1820,EID1023,2023-07-04,Delivered
OR0425,CID1212,EID1006,2024-02-07,Delivered
OR0426,CID1547,EID1034,2024-04-06,Delivered
OR0427,CID1631,EID1045,2024-12-01,Delivered
OR0428,CID1358,EID1000,2023-01-30,Canceled
OR0429,CID1033,EID1014,2024-04-07,Delivered
OR0430,CID1860,EID1022,2023-04-03,Delivered
OR0431,CID1464,EID1031,2024-12-02,Canceled
OR0432,CID1577,EID1007,2024-03-27,Delivered
OR0433,CID1307,EID1047,2023-08-22,Delivered
OR0434,CID1004,EID1046,2024-02-29,Delivered
OR0435,CID1014,EID1014,2024-07-23,Delivered
OR0436,CID1171,EID1023,2024-08-12,Canceled
OR0437,CID1640,EID1023,2023-10-05,Delivered
OR0438,CID1805,EID1014,2023-06-02,Delivered
OR0439,CID1643,EID1016,2024-07-14,Delivered
OR0440,CID1524,EID1007,2023-11-29,Delivered
OR0441,CID1596,EID1034,2023-07-17,Delivered
OR0442,CID1201,EID1034,2024-05-27,Delivered
OR0443,CID1613,EID1011,2024-07-27,Delivered
OR0444,CID1255,EID1043,2024-03-30,Delivered
OR0445,CID1490,EID1004,2023-11-30,Delivered
OR0446,CID1469,EID1038,2024-10-11,Canceled
OR0447,CID1535,EID1049,2024-07-06,Delivered
OR0448,CID1069,EID1036,2023-11-11,Delivered
OR0449,CID1558,EID1005,2023-06-28,Delivered
OR0450,CID1505,EID1018,2024-07-15,Delivered
OR0451,CID1310,EID1026,2023-08-29,Delivered
OR0452,CID1694,EID1043,2024-07-21,Delivered
OR0453,CID1042,EID1017,2024-01-19,Delivered
OR0454,CID1083,EID1041,2023-02-16,Delivered
OR0455,CID1437,EID1031,2024-08-25,Canceled
OR0456,CID1739,EID1016,2024-01-17,Delivered
OR0457,CID1196,EID1043,2023-08-07,Delivered
OR0458,CID1257,EID1013,2024-10-07,Delivered
OR0459,CID1695,EID1041,2023-06-07,Delivered
OR0460,CID1068,EID1035,2023-02-27,Delivered
OR0461,CID1749,EID1028,2023-05-04,Delivered
OR0462,CID1773,EID1035,2023-06-25,Delivered
OR0463,CID1820,EID1023,2024-03-01,Delivered
OR0464,CID1258,EID1009,2024-03-06,Delivered
OR0465,CID1451,EID1027,2024-10-09,Delivered
OR0466,CID1819,EID1049,2023-02-05,Delivered
OR0467,CID1221,EID1001,2023-06-30,Delivered
OR0468,CID1739,EID1022,2024-10-09,Canceled
OR0469,CID1641,EID1047,2024-10-10,Delivered
OR0470,CID1515,EID1027,2024-02-12,Delivered
OR0471,CID1664,EID1025,2024-08-26,Delivered
OR0472,CID1643,EID1006,2024-07-02,Delivered
OR0473,CID1735,EID1047,2023-12-14,Delivered
OR0474,CID1161,EID1026,2024-12-30,Pending
OR0475,CID1668,EID1024,2024-10-24,Delivered
OR0476,CID1440,EID1045,2023-05-14,Delivered
OR0477,CID1251,EID1042,2024-02-27,Delivered
OR0478,CID1108,EID1008,2023-02-28,Delivered
OR0479,CID1286,EID1006,2023-03-25,Delivered
OR0480,CID1054,EID1007,2024-11-10,Canceled
OR0481,CID1634,EID1003,2024-12-16,Delivered
OR0482,CID1658,EID1040,2024-10-30,Delivered
OR0483,CID1788,EID1007,2023-10-10,Delivered
OR0484,CID1042,EID1041,2023-10-16,Delivered
OR0485,CID1484,EID1020,2024-03-24,Delivered
OR0486,CID1213,EID1021,2024-03-02,Delivered
OR0487,CID1878,EID1019,2024-08-06,Delivered
OR0488,CID1757,EID1025,2023-06-19,Delivered
OR0489,CID1603,EID1002,2024-05-12,Delivered
OR0490,CID1855,EID1026,2024-06-15,Delivered
OR0491,CID1727,EID1034,2023-03-27,Delivered
OR0492,CID1763,EID1033,2024-12-25,Shipped
OR0493,CID1252,EID1004,2024-05-23,Delivered
OR0494,CID1385,EID1045,2023-07-02,Delivered
OR0495,CID1642,EID1049,2023-11-20,Delivered
OR0496,CID1006,EID1035,2024-07-16,Delivered
OR0497,CID1895,EID1036,2024-02-03,Delivered
OR0498,CID1260,EID1019,2023-05-18,Delivered
OR0499,CID1521,EID1027,2024-07-14,Delivered
OR0500,CID1351,EID1028,2023-03-25,Delivered
OR0501,CID1129,EID1034,2023-11-28,Canceled
OR0502,CID1482,EID1014,2024-08-23,Delivered
OR0503,CID1326,EID1020,2023-11-12,Canceled
OR0504,CID1065,EID1026,2024-04-04,Delivered
OR0505,CID1361,EID1002,2024-02-22,Delivered
OR0506,CID1606,EID1036,2023-06-17,Delivered
OR0507,CID1521,EID1041,2023-09-03,Delivered
OR0508,CID1125,EID1015,2024-09-21,Delivered
OR0509,CID1010,EID1042,2024-09-22,Delivered
OR0510,CID1851,EID1032,2024-03-02,Delivered
OR0511,CID1872,EID1046,2024-12-19,Shipped
OR0512,CID1622,EID1009,2023-01-24,Canceled
OR0513,CID1333,EID1025,2024-11-12,Delivered
OR0514,CID1579,EID1014,2023-05-27,Delivered
OR0515,CID1103,EID1031,2024-05-31,Delivered
OR0516,CID1193,EID1024,2023-12-07,Delivered
OR0517,CID1282,EID1047,2024-10-12,Delivered
OR0518,CID1101,EID1031,2024-04-23,Delivered
OR0519,CID1013,EID1020,2023-02-21,Delivered
OR0520,CID1777,EID1040,2023-11-12,Delivered
OR0521,CID1732,EID1048,2024-07-30,Delivered
OR0522,CID1066,EID1043,2024-05-04,Delivered
OR0523,CID1155,EID1044,2023-07-14,Delivered
OR0524,CID1378,EID1026,2024-07-30,Delivered
OR0525,CID1555,EID1032,2024-09-09,Delivered
OR0526,CID1337,EID1009,2024-05-31,Delivered
OR0527,CID1495,EID1027,2023-04-18,Delivered
OR0528,CID1374,EID1023,2023-03-29,Delivered
OR0529,CID1286,EID1029,2024-10-25,Delivered
OR0530,CID1044,EID1005,2023-01-27,Delivered
OR0531,CID1673,EID1027,2023-05-03,Delivered
OR0532,CID1441,EID1028,2023-03-24,Delivered
OR0533,CID1493,EID1008,2024-04-16,Canceled
OR0534,CID1178,EID1002,2024-01-03,Delivered
OR0535,CID1686,EID1003,2023-11-26,Delivered
OR0536,CID1053,EID1003,2023-12-17,Delivered
OR0537,CID1005,EID1046,2024-08-03,Delivered
OR0538,CID1171,EID1033,2023-03-14,Delivered
OR0539,CID1784,EID1025,2024-06-11,Delivered
OR0540,CID1623,EID1043,2024-05-08,Delivered
OR0541,CID1143,EID1036,2023-01-25,Delivered
OR0542,CID1588,EID1017,2023-02-13,Delivered
OR0543,CID1667,EID1004,2024-07-19,Delivered
OR0544,CID1210,EID1007,2024-02-23,Delivered
OR0545,CID1296,EID1029,2023-02-18,Delivered
OR0546,CID1510,EID1043,2023-02-25,Delivered
OR0547,CID1787,EID1008,2023-05-11,Delivered
OR0548,CID1644,EID1009,2024-06-22,Delivered
OR0549,CID1887,EID1035,2024-11-11,Canceled
OR0550,CID1459,EID1007,2024-06-14,Delivered
OR0551,CID1437,EID1039,2024-03-28,Delivered
OR0552,CID1726,EID1034,2023-04-12,Canceled
OR0553,CID1735,EID1035,2024-08-20,Delivered
OR0554,CID1689,EID1039,2024-04-19,Canceled
OR0555,CID1350,EID1022,2024-02-07,Delivered
OR0556,CID1710,EID1000,2023-11-09,Delivered
OR0557,CID1571,EID1030,2023-09-04,Canceled
OR0558,CID1765,EID1045,2024-04-25,Delivered
OR0559,CID1808,EID1027,2024-08-23,Delivered
OR0560,CID1018,EID1043,2023-06-26,Delivered
OR0561,CID1125,EID1042,2023-05-26,Canceled
OR0562,CID1358,EID1001,2023-11-02,Delivered
OR0563,CID1809,EID1036,2023-11-01,Delivered
OR0564,CID1204,EID1038,2023-07-15,Delivered
OR0565,CID1817,EID1043,2023-03-08,Delivered
OR0566,CID1106,EID1007,2023-05-13,Delivered
OR0567,CID1134,EID1013,2024-03-04,Delivered
OR0568,CID1620,EID1022,2024-01-08,Delivered
OR0569,CID1845,EID1010,2024-08-23,Canceled
OR0570,CID1793,EID1012,2024-07-04,Delivered
OR0571,CID1207,EID1015,2024-01-23,Delivered
OR0572,CID1671,EID1020,2023-10-13,Delivered
OR0573,CID1271,EID1025,2024-11-03,Delivered
OR0574,CID1337,EID1026,2023-12-01,Delivered
OR0575,CID1842,EID1043,2024-09-20,Delivered
OR0576,CID1766,EID1015,2024-02-16,Delivered
OR0577,CID1068,EID1009,2023-07-21,Delivered
OR0578,CID1703,EID1006,2024-04-30,Delivered
OR0579,CID1229,EID1001,2023-03-18,Canceled
OR0580,CID1031,EID1039,2023-06-24,Delivered
OR0581,CID1407,EID1024,2024-07-11,Canceled
OR0582,CID1036,EID1009,2024-02-23,Canceled
OR0583,CID1724,EID1001,2024-12-04,Delivered
OR0584,CID1540,EID1026,2024-07-20,Delivered
OR0585,CID1581,EID1034,2023-03-01,Delivered
OR0586,CID1670,EID1042,2024-01-06,Delivered
OR0587,CID1335,EID1026,2023-12-20,Delivered
OR0588,CID1501,EID1027,2023-04-23,Delivered
OR0589,CID1607,EID1040,2024-12-29,Shipped
OR0590,CID1479,EID1017,2024-08-12,Delivered
OR0591,CID1196,EID1023,2024-09-27,Delivered
OR0592,CID1252,EID1035,2024-01-05,Delivered
OR0593,CID1517,EID1042,2023-11-16,Delivered
OR0594,CID1625,EID1011,2024-08-15,Canceled
OR0595,CID1017,EID1044,2024-11-22,Delivered
OR0596,CID1052,EID1013,2023-12-06,Delivered
OR0597,CID1789,EID1021,2023-05-05,Delivered
OR0598,CID1837,EID1001,2023-03-19,Delivered
OR0599,CID1141,EID1025,2024-02-29,Delivered
OR0600,CID1800,EID1008,2023-02-15,Delivered
OR0601,CID1763,EID1005,2024-09-10,Delivered
OR0602,CID1580,EID1047,2024-03-30,Delivered
OR0603,CID1623,EID1034,2023-07-28,Delivered
OR0604,CID1764,EID1019,2024-01-26,Delivered
OR0605,CID1021,EID1020,2024-02-22,Delivered
OR0606,CID1219,EID1016,2024-05-31,Delivered
OR0607,CID1592,EID1014,2024-04-30,Delivered
OR0608,CID1891,EID1034,2024-06-26,Delivered
OR0609,CID1749,EID1013,2024-10-25,Delivered
OR0610,CID1043,EID1025,2023-05-01,Delivered
OR0611,CID1428,EID1043,2024-07-11,Delivered
OR0612,CID1359,EID1031,2023-04-25,Delivered
OR0613,CID1381,EID1025,2023-07-25,Delivered
OR0614,CID1558,EID1043,2023-12-02,Delivered
OR0615,CID1031,EID1016,2024-08-07,Delivered
OR0616,CID1888,EID1015,2023-05-11,Delivered
OR0617,CID1478,EID1040,2024-03-07,Delivered
OR0618,CID1337,EID1034,2024-01-24,Delivered
OR0619,CID1206,EID1033,2023-01-23,Delivered
OR0620,CID1021,EID1023,2024-06-04,Delivered
OR0621,CID1007,EID1000,2023-01-15,Delivered
OR0622,CID1024,EID1027,2023-03-18,Delivered
OR0623,CID1400,EID1042,2023-04-01,Delivered
OR0624,CID1808,EID1021,2023-05-18,Delivered
OR0625,CID1827,EID1002,2023-12-08,Canceled
OR0626,CID1746,EID1010,2024-03-05,Delivered
OR0627,CID1756,EID1039,2024-08-01,Delivered
OR0628,CID1788,EID1033,2024-07-03,Delivered
OR0629,CID1009,EID1026,2024-08-20,Delivered
OR0630,CID1530,EID1003,2024-01-01,Delivered
OR0631,CID1583,EID1005,2024-06-03,Delivered
OR0632,CID1611,EID1026,2023-12-31,Delivered
OR0633,CID1376,EID1004,2024-07-27,Delivered
OR0634,CID1274,EID1021,2024-06-11,Delivered
OR0635,CID1673,EID1007,2023-07-06,Delivered
OR0636,CID1416,EID1002,2024-04-20,Delivered
OR0637,CID1623,EID1014,2024-05-03,Delivered
OR0638,CID1039,EID1012,2023-06-30,Delivered
OR0639,CID1201,EID1014,2023-11-29,Delivered
OR0640,CID1611,EID1037,2023-04-03,Delivered
OR0641,CID1114,EID1026,2023-11-28,Delivered
OR0642,CID1621,EID1021,2024-07-11,Delivered
OR0643,CID1828,EID1015,2024-03-23,Canceled
OR0644,CID1181,EID1018,2024-08-16,Delivered
OR0645,CID1376,EID1031,2024-06-07,Delivered
OR0646,CID1113,EID1043,2023-05-22,Delivered
OR0647,CID1030,EID1049,2023-07-19,Delivered
OR0648,CID1548,EID1015,2024-04-16,Delivered
OR0649,CID1424,EID1006,2023-12-28,Delivered
OR0650,CID1683,EID1048,2024-08-20,Canceled
OR0651,CID1643,EID1011,2024-04-11,Delivered
OR0652,CID1218,EID1039,2023-12-22,Delivered
OR0653,CID1249,EID1014,2023-03-10,Delivered
OR0654,CID1862,EID1035,2023-11-26,Canceled
OR0655,CID1899,EID1010,2023-12-24,Canceled
OR0656,CID1497,EID1001,2023-05-25,Delivered
OR0657,CID1340,EID1037,2024-10-13,Delivered
OR0658,CID1691,EID1025,2024-08-13,Delivered
OR0659,CID1390,EID1017,2023-05-04,Delivered
OR0660,CID1101,EID1023,2023-06-13,Delivered
OR0661,CID1081,EID1012,2023-11-15,Delivered
OR0662,CID1595,EID1042,2024-09-20,Delivered
OR0663,CID1090,EID1043,2023-04-02,Delivered
OR0664,CID1060,EID1033,2024-01-19,Delivered
OR0665,CID1758,EID1027,2024-12-29,Shipped
OR0666,CID1287,EID1035,2024-06-11,Delivered
OR0667,CID1535,EID1032,2023-05-31,Delivered
OR0668,CID1073,EID1018,2024-08-20,Delivered
OR0669,CID1582,EID1048,2024-06-11,Delivered
OR0670,CID1719,EID1017,2023-06-05,Delivered
OR0671,CID1804,EID1039,2024-04-27,Delivered
OR0672,CID1824,EID1022,2023-08-15,Canceled
OR0673,CID1197,EID1003,2023-11-28,Delivered
OR0674,CID1433,EID1048,2023-04-15,Delivered
OR0675,CID1355,EID1018,2024-03-15,Delivered
OR0676,CID1842,EID1034,2024-01-12,Delivered
OR0677,CID1060,EID1039,2024-09-09,Delivered
OR0678,CID1404,EID1035,2024-02-16,Delivered
OR0679,CID1340,EID1014,2024-01-17,Canceled
OR0680,CID1341,EID1002,2024-09-03,Delivered
OR0681,CID1015,EID1034,2024-09-19,Delivered
OR0682,CID1744,EID1000,2024-12-31,Pending
OR0683,CID1809,EID1030,2023-04-18,Delivered
OR0684,CID1767,EID1049,2024-08-19,Delivered
OR0685,CID1206,EID1034,2024-12-24,Shipped
OR0686,CID1078,EID1042,2023-12-24,Delivered
OR0687,CID1634,EID1030,2023-07-26,Delivered
OR0688,CID1322,EID1034,2024-04-08,Delivered
OR0689,CID1181,EID1011,2023-09-11,Canceled
OR0690,CID1103,EID1017,2024-08-07,Delivered
OR0691,CID1120,EID1039,2024-02-29,Delivered
OR0692,CID1005,EID1049,2023-03-10,Delivered
OR0693,CID1136,EID1008,2023-10-14,Delivered
OR0694,CID1598,EID1013,2023-11-20,Delivered
OR0695,CID1193,EID1042,2023-03-05,Delivered
OR0696,CID1262,EID1001,2024-07-01,Delivered
OR0697,CID1667,EID1047,2023-10-14,Delivered
OR0698,CID1122,EID1040,2023-07-12,Delivered
OR0699,CID1146,EID1000,2023-07-12,Delivered
OR0700,CID1284,EID1049,2024-12-01,Delivered
OR0701,CID1232,EID1027,2023-09-05,Delivered
OR0702,CID1261,EID1004,2024-12-01,Delivered
OR0703,CID1738,EID1041,2024-11-12,Delivered
OR0704,CID1676,EID1006,2024-07-10,Delivered
OR0705,CID1480,EID1017,2024-05-23,Delivered
OR0706,CID1418,EID1009,2024-12-20,Shipped
OR0707,CID1275,EID1041,2024-04-13,Delivered
OR0708,CID1798,EID1037,2024-04-28,Delivered
OR0709,CID1873,EID1048,2023-07-23,Delivered
OR0710,CID1799,EID1026,2023-04-22,Canceled
OR0711,CID1385,EID1023,2023-12-01,Delivered
OR0712,CID1259,EID1009,2024-07-16,Delivered
OR0713,CID1358,EID1021,2023-03-21,Delivered
OR0714,CID1105,EID1035,2023-08-19,Delivered
OR0715,CID1440,EID1031,2024-10-02,Delivered
OR0716,CID1665,EID1025,2023-06-24,Delivered
OR0717,CID1102,EID1025,2023-04-18,Delivered
OR0718,CID1303,EID1018,2024-12-02,Delivered
OR0719,CID1364,EID1036,2024-02-26,Delivered
OR0720,CID1392,EID1046,2024-06-29,Delivered
OR0721,CID1580,EID1042,2023-05-25,Delivered
OR0722,CID1293,EID1003,2024-07-24,Delivered
OR0723,CID1695,EID1035,2023-02-02,Delivered
OR0724,CID1807,EID1004,2024-09-20,Canceled
OR0725,CID1529,EID1022,2023-01-25,Delivered
OR0726,CID1511,EID1010,2023-03-29,Delivered
OR0727,CID1539,EID1012,2023-04-28,Delivered
OR0728,CID1444,EID1029,2023-09-30,Delivered
OR0729,CID1408,EID1003,2023-12-12,Delivered
OR0730,CID1653,EID1023,2023-07-29,Delivered
OR0731,CID1321,EID1025,2023-02-03,Delivered
OR0732,CID1831,EID1031,2023-07-03,Delivered
OR0733,CID1710,EID1009,2024-09-01,Delivered
OR0734,CID1510,EID1003,2024-04-30,Delivered
OR0735,CID1644,EID1011,2024-12-05,Canceled
OR0736,CID1843,EID1021,2023-06-26,Delivered
OR0737,CID1478,EID1001,2023-08-12,Delivered
OR0738,CID1685,EID1004,2023-07-05,Delivered
OR0739,CID1554,EID1009,2024-03-19,Delivered
OR0740,CID1106,EID1024,2024-08-04,Delivered
OR0741,CID1387,EID1014,2024-09-04,Delivered
OR0742,CID1351,EID1012,2024-01-03,Delivered
OR0743,CID1128,EID1023,2023-10-30,Delivered
OR0744,CID1408,EID1015,2024-12-24,Shipped
OR0745,CID1260,EID1029,2023-05-03,Canceled
OR0746,CID1289,EID1015,2023-11-22,Delivered
OR0747,CID1763,EID1021,2024-01-29,Delivered
OR0748,CID1515,EID1040,2024-02-05,Delivered
OR0749,CID1029,EID1039,2023-08-14,Delivered
OR0750,CID1744,EID1004,2024-05-24,Delivered
OR0751,CID1015,EID1002,2024-01-26,Delivered
OR0752,CID1846,EID1041,2023-03-14,Delivered
OR0753,CID1535,EID1015,2023-04-20,Canceled
OR0754,CID1135,EID1043,2023-06-19,Delivered
OR0755,CID1526,EID1035,2024-02-24,Delivered
OR0756,CID1019,EID1046,2023-12-19,Canceled
OR0757,CID1738,EID1037,2023-06-04,Delivered
OR0758,CID1422,EID1041,2024-12-03,Delivered
OR0759,CID1003,EID1036,2023-04-10,Delivered
OR0760,CID1388,EID1016,2023-03-15,Canceled
OR0761,CID1067,EID1042,2024-04-24,Delivered
OR0762,CID1398,EID1034,2024-06-27,Delivered
OR0763,CID1518,EID1016,2023-09-01,Delivered
OR0764,CID1571,EID1048,2024-05-16,Delivered
OR0765,CID1593,EID1043,2024-06-02,Delivered
OR0766,CID1377,EID1014,2024-03-25,Delivered
OR0767,CID1639,EID1001,2023-10-12,Delivered
OR0768,CID1156,EID1000,2023-05-21,Delivered
OR0769,CID1712,EID1026,2024-01-20,Delivered
OR0770,CID1769,EID1026,2024-01-10,Delivered
OR0771,CID1327,EID1002,2023-04-10,Delivered
OR0772,CID1020,EID1036,2024-05-25,Delivered
OR0773,CID1758,EID1038,2024-06-09,Delivered
OR0774,CID1396,EID1022,2023-06-08,Delivered
OR0775,CID1497,EID1014,2024-02-01,Canceled
OR0776,CID1317,EID1007,2023-05-27,Delivered
OR0777,CID1003,EID1018,2024-10-23,Delivered
OR0778,CID1603,EID1033,2023-07-27,Delivered
OR0779,CID1065,EID1040,2023-01-12,Delivered
OR0780,CID1141,EID1045,2023-10-01,Delivered
OR0781,CID1611,EID1018,2023-07-03,Delivered
OR0782,CID1614,EID1017,2023-04-08,Delivered
OR0783,CID1550,EID1034,2024-08-20,Delivered
OR0784,CID1006,EID1008,2024-11-23,Delivered
OR0785,CID1467,EID1002,2024-09-22,Delivered
OR0786,CID1097,EID1038,2023-09-22,Delivered
OR0787,CID1475,EID1003,2024-01-13,Delivered
OR0788,CID1048,EID1032,2023-07-19,Delivered
OR0789,CID1445,EID1016,2023-12-04,Delivered
OR0790,CID1867,EID1013,2024-10-03,Delivered
OR0791,CID1036,EID1035,2024-01-08,Delivered
OR0792,CID1855,EID1029,2023-02-18,Delivered
OR0793,CID1323,EID1024,2024-12-15,Delivered
OR0794,CID1265,EID1021,2023-11-13,Canceled
OR0795,CID1871,EID1045,2024-10-28,Delivered
OR0796,CID1013,EID1005,2024-04-21,Delivered
OR0797,CID1247,EID1036,2024-04-17,Delivered
OR0798,CID1333,EID1047,2023-10-10,Delivered
OR0799,CID1326,EID1041,2024-08-20,Delivered
OR0800,CID1752,EID1029,2023-04-25,Delivered
OR0801,CID1797,EID1030,2023-10-18,Delivered
OR0802,CID1768,EID1002,2024-01-24,Delivered
OR0803,CID1890,EID1047,2023-11-27,Delivered
OR0804,CID1660,EID1020,2023-10-06,Delivered
OR0805,CID1884,EID1031,2024-08-12,Canceled
OR0806,CID1540,EID1033,2024-08-17,Delivered
OR0807,CID1516,EID1003,2024-05-16,Delivered
OR0808,CID1044,EID1024,2024-09-13,Delivered
OR0809,CID1066,EID1021,2023-04-11,Delivered
OR0810,CID1297,EID1049,2024-09-27,Delivered
OR0811,CID1276,EID1025,2023-07-25,Delivered
OR0812,CID1093,EID1002,2024-03-24,Delivered
OR0813,CID1171,EID1033,2024-05-28,Delivered
OR0814,CID1000,EID1046,2023-04-08,Canceled
OR0815,CID1014,EID1031,2023-11-30,Delivered
OR0816,CID1181,EID1023,2024-06-22,Delivered
OR0817,CID1127,EID1040,2024-08-02,Delivered
OR0818,CID1592,EID1001,2024-05-25,Delivered
OR0819,CID1140,EID1006,2024-01-31,Delivered
OR0820,CID1547,EID1012,2024-08-31,Delivered
OR0821,CID1562,EID1027,2024-08-23,Delivered
OR0822,CID1271,EID1028,2024-02-08,Delivered
OR0823,CID1326,EID1011,2024-07-29,Delivered
OR0824,CID1091,EID1010,2023-05-21,Delivered
OR0825,CID1270,EID1049,2023-10-18,Delivered
OR0826,CID1538,EID1049,2024-03-31,Delivered
OR0827,CID1279,EID1005,2024-08-18,Delivered
OR0828,CID1739,EID1011,2024-02-09,Delivered
OR0829,CID1019,EID1032,2023-08-19,Delivered
OR0830,CID1067,EID1039,2023-01-10,Delivered
OR0831,CID1831,EID1007,2023-09-17,Delivered
OR0832,CID1308,EID1045,2024-05-27,Delivered
OR0833,CID1715,EID1046,2023-11-09,Canceled
OR0834,CID1500,EID1001,2024-11-02,Delivered
OR0835,CID1573,EID1044,2023-10-01,Delivered
OR0836,CID1674,EID1040,2024-12-10,Delivered
OR0837,CID1757,EID1044,2024-06-04,Delivered
OR0838,CID1610,EID1001,2024-07-11,Delivered
OR0839,CID1859,EID1040,2023-11-27,Delivered
OR0840,CID1103,EID1032,2024-09-25,Canceled
OR0841,CID1379,EID1005,2023-03-02,Delivered
OR0842,CID1301,EID1008,2023-06-25,Delivered
OR0843,CID1009,EID1009,2024-04-04,Delivered
OR0844,CID1344,EID1043,2023-10-12,Canceled
OR0845,CID1385,EID1029,2024-04-13,Canceled
OR0846,CID1166,EID1024,2023-01-26,Delivered
OR0847,CID1362,EID1017,2023-11-25,Delivered
OR0848,CID1541,EID1023,2024-01-16,Canceled
OR0849,CID1039,EID1021,2024-12-10,Canceled
OR0850,CID1560,EID1047,2023-03-14,Delivered
OR0851,CID1229,EID1046,2023-10-30,Delivered
OR0852,CID1258,EID1045,2023-04-02,Delivered
OR0853,CID1114,EID1000,2024-04-30,Delivered
OR0854,CID1237,EID1021,2023-10-24,Delivered
OR0855,CID1029,EID1022,2024-08-25,Delivered
OR0856,CID1069,EID1025,2024-09-30,Delivered
OR0857,CID1136,EID1010,2023-02-12,Delivered
OR0858,CID1352,EID1003,2024-01-01,Delivered
OR0859,CID1411,EID1006,2023-10-24,Delivered
OR0860,CID1131,EID1027,2024-08-26,Delivered
OR0861,CID1248,EID1002,2024-01-02,Delivered
OR0862,CID1849,EID1013,2023-07-01,Delivered
OR0863,CID1131,EID1045,2023-08-26,Delivered
OR0864,CID1235,EID1034,2024-06-21,Delivered
OR0865,CID1528,EID1031,2024-07-24,Delivered
OR0866,CID1197,EID1029,2024-01-08,Delivered
OR0867,CID1075,EID1001,2024-05-24,Delivered
OR0868,CID1089,EID1041,2023-09-08,Delivered
OR0869,CID1682,EID1034,2023-09-19,Canceled
OR0870,CID1223,EID1049,2023-05-22,Delivered
OR0871,CID1811,EID1001,2024-05-29,Delivered
OR0872,CID1153,EID1019,2024-12-29,Shipped
OR0873,CID1295,EID1004,2024-05-18,Delivered
OR0874,CID1750,EID1001,2024-08-09,Delivered
OR0875,CID1150,EID1013,2023-01-30,Delivered
OR0876,CID1122,EID1046,2023-02-07,Delivered
OR0877,CID1267,EID1005,2023-08-24,Delivered
OR0878,CID1579,EID1022,2023-01-16,Delivered
OR0879,CID1193,EID1005,2024-09-21,Delivered
OR0880,CID1042,EID1021,2023-08-16,Canceled
OR0881,CID1718,EID1025,2023-05-11,Delivered
OR0882,CID1858,EID1006,2023-08-11,Delivered
OR0883,CID1202,EID1038,2024-07-15,Delivered
OR0884,CID1537,EID1044,2023-05-31,Delivered
OR0885,CID1557,EID1027,2024-10-12,Delivered
OR0886,CID1097,EID1021,2024-03-13,Delivered
OR0887,CID1543,EID1020,2024-10-18,Delivered
OR0888,CID1645,EID1038,2024-01-15,Delivered
OR0889,CID1046,EID1011,2023-01-24,Delivered
OR0890,CID1161,EID1021,2023-05-02,Delivered
OR0891,CID1256,EID1024,2023-11-27,Delivered
OR0892,CID1716,EID1001,2024-12-08,Delivered
OR0893,CID1308,EID1020,2024-02-10,Delivered
OR0894,CID1121,EID1032,2023-05-18,Delivered
OR0895,CID1277,EID1049,2024-01-28,Delivered
OR0896,CID1050,EID1001,2023-05-22,Delivered
OR0897,CID1327,EID1033,2024-06-04,Delivered
OR0898,CID1369,EID1048,2024-07-05,Delivered
OR0899,CID1711,EID1034,2023-01-04,Delivered
OR0900,CID1016,EID1042,2023-12-28,Delivered
OR0901,CID1607,EID1026,2024-04-25,Delivered
OR0902,CID1312,EID1002,2023-04-09,Delivered
OR0903,CID1296,EID1013,2024-01-10,Delivered
OR0904,CID1396,EID1046,2023-03-16,Delivered
OR0905,CID1090,EID1000,2024-05-21,Delivered
OR0906,CID1594,EID1036,2024-03-01,Delivered
OR0907,CID1130,EID1001,2024-10-24,Canceled
OR0908,CID1875,EID1017,2024-06-23,Canceled
OR0909,CID1608,EID1027,2023-12-21,Delivered
OR0910,CID1492,EID1038,2024-07-28,Delivered
OR0911,CID1036,EID1045,2024-03-19,Delivered
OR0912,CID1770,EID1029,2023-06-06,Delivered
OR0913,CID1787,EID1013,2023-09-21,Delivered
OR0914,CID1218,EID1027,2024-09-11,Delivered
OR0915,CID1294,EID1046,2024-01-31,Delivered
OR0916,CID1045,EID1004,2024-05-28,Delivered
OR0917,CID1072,EID1024,2024-04-11,Delivered
OR0918,CID1066,EID1033,2024-06-21,Delivered
OR0919,CID1684,EID1037,2023-06-30,Canceled
OR0920,CID1548,EID1022,2023-05-27,Delivered
OR0921,CID1345,EID1017,2023-05-08,Delivered
OR0922,CID1102,EID1021,2023-04-26,Delivered
OR0923,CID1429,EID1032,2023-06-29,Delivered
OR0924,CID1182,EID1026,2023-06-27,Delivered
OR0925,CID1835,EID1035,2023-10-18,Delivered
OR0926,CID1153,EID1042,2024-10-17,Delivered
OR0927,CID1425,EID1048,2023-12-12,Canceled
OR0928,CID1597,EID1005,2023-12-04,Delivered
OR0929,CID1827,EID1011,2023-03-02,Delivered
OR0930,CID1178,EID1012,2023-07-15,Delivered
OR0931,CID1201,EID1011,2024-03-06,Canceled
OR0932,CID1388,EID1040,2023-09-30,Delivered
OR0933,CID1375,EID1002,2023-07-31,Delivered
OR0934,CID1135,EID1027,2024-01-01,Delivered
OR0935,CID1104,EID1020,2024-04-12,Delivered
OR0936,CID1061,EID1026,2024-07-21,Delivered
OR0937,CID1206,EID1025,2023-08-31,Delivered
OR0938,CID1383,EID1045,2023-07-28,Delivered
OR0939,CID1270,EID1012,2023-09-20,Delivered
OR0940,CID1038,EID1000,2023-02-01,Delivered
OR0941,CID1166,EID1029,2023-01-23,Delivered
OR0942,CID1449,EID1028,2024-05-13,Delivered
OR0943,CID1774,EID1001,2024-10-11,Delivered
OR0944,CID1063,EID1002,2023-04-19,Delivered
OR0945,CID1328,EID1020,2024-08-22,Delivered
OR0946,CID1428,EID1002,2024-02-09,Delivered
OR0947,CID1177,EID1009,2024-01-27,Delivered
OR0948,CID1210,EID1039,2023-08-06,Delivered
OR0949,CID1120,EID1007,2024-11-10,Delivered
OR0950,CID1017,EID1009,2024-12-20,Shipped
OR0951,CID1484,EID1004,2024-07-23,Delivered
OR0952,CID1409,EID1027,2024-10-18,Delivered
OR0953,CID1717,EID1004,2024-01-05,Delivered
OR0954,CID1864,EID1005,2024-12-30,Pending
OR0955,CID1017,EID1031,2023-03-09,Delivered
OR0956,CID1452,EID1024,2023-02-27,Delivered
OR0957,CID1187,EID1013,2024-07-04,Delivered
OR0958,CID1488,EID1039,2023-11-08,Delivered
OR0959,CID1423,EID1007,2023-03-20,Delivered
OR0960,CID1285,EID1030,2024-11-18,Delivered
OR0961,CID1192,EID1018,2023-02-18,Delivered
OR0962,CID1763,EID1003,2024-03-10,Delivered
OR0963,CID1594,EID1002,2024-12-14,Delivered
OR0964,CID1483,EID1037,2023-07-31,Canceled
OR0965,CID1686,EID1023,2024-03-09,Delivered
OR0966,CID1238,EID1012,2023-10-13,Delivered
OR0967,CID1654,EID1012,2023-03-03,Delivered
OR0968,CID1464,EID1041,2024-09-25,Delivered
OR0969,CID1673,EID1046,2024-08-01,Delivered
OR0970,CID1762,EID1016,2023-11-27,Canceled
OR0971,CID1473,EID1018,2024-09-29,Delivered
OR0972,CID1232,EID1014,2023-12-01,Delivered
OR0973,CID1402,EID1023,2024-03-04,Delivered
OR0974,CID1513,EID1036,2024-10-22,Canceled
OR0975,CID1396,EID1024,2024-01-28,Delivered
OR0976,CID1758,EID1007,2024-11-14,Delivered
OR0977,CID1527,EID1003,2023-07-23,Delivered
OR0978,CID1024,EID1042,2024-11-14,Delivered
OR0979,CID1467,EID1001,2024-09-27,Delivered
OR0980,CID1188,EID1001,2023-09-09,Delivered
OR0981,CID1155,EID1047,2024-03-21,Delivered
OR0982,CID1811,EID1007,2023-06-08,Delivered
OR0983,CID1780,EID1007,2023-05-09,Delivered
OR0984,CID1160,EID1026,2024-06-22,Delivered
OR0985,CID1276,EID1041,2024-05-08,Canceled
OR0986,CID1002,EID1011,2023-12-14,Canceled
OR0987,CID1126,EID1011,2023-09-13,Delivered
OR0988,CID1679,EID1028,2023-12-10,Delivered
OR0989,CID1710,EID1010,2024-03-08,Delivered
OR0990,CID1245,EID1042,2024-04-25,Delivered
OR0991,CID1687,EID1023,2023-02-24,Delivered
OR0992,CID1240,EID1002,2024-10-07,Delivered
OR0993,CID1433,EID1017,2024-03-07,Canceled
OR0994,CID1421,EID1002,2023-08-27,Delivered
OR0995,CID1036,EID1040,2023-07-27,Canceled
OR0996,CID1858,EID1044,2024-06-14,Delivered
OR0997,CID1175,EID1045,2023-01-02,Delivered
OR0998,CID1210,EID1015,2024-06-12,Canceled
OR0999,CID1427,EID1015,2023-02-25,Delivered
OR1000,CID1388,EID1048,2023-08-02,Delivered
OR1001,CID1733,EID1043,2023-05-23,Delivered
OR1002,CID1897,EID1013,2023-10-29,Delivered
OR1003,CID1858,EID1022,2024-07-27,Delivered
OR1004,CID1460,EID1039,2024-10-30,Delivered
OR1005,CID1223,EID1029,2023-01-20,Delivered
OR1006,CID1362,EID1036,2023-11-09,Delivered
OR1007,CID1672,EID1039,2023-08-31,Delivered
OR1008,CID1652,EID1040,2024-09-18,Delivered
OR1009,CID1265,EID1008,2024-05-29,Delivered
OR1010,CID1222,EID1003,2023-06-15,Delivered
OR1011,CID1323,EID1031,2023-02-27,Delivered
OR1012,CID1307,EID1018,2024-02-16,Delivered
OR1013,CID1202,EID1036,2023-12-29,Delivered
OR1014,CID1792,EID1015,2024-07-31,Canceled
OR1015,CID1294,EID1007,2024-10-09,Canceled
OR1016,CID1718,EID1034,2024-09-04,Canceled
OR1017,CID1373,EID1042,2024-02-01,Delivered
OR1018,CID1013,EID1012,2023-12-06,Canceled
OR1019,CID1525,EID1042,2023-07-28,Delivered
OR1020,CID1208,EID1003,2024-08-02,Canceled
OR1021,CID1762,EID1043,2024-01-26,Canceled
OR1022,CID1395,EID1006,2023-01-17,Delivered
OR1023,CID1543,EID1041,2023-07-14,Delivered
OR1024,CID1808,EID1025,2024-03-19,Canceled
OR1025,CID1584,EID1008,2023-06-14,Canceled
OR1026,CID1807,EID1002,2024-09-08,Delivered
OR1027,CID1072,EID1000,2024-10-04,Delivered
OR1028,CID1243,EID1003,2024-04-11,Delivered
OR1029,CID1677,EID1025,2023-08-23,Delivered
OR1030,CID1133,EID1046,2023-11-02,Delivered
OR1031,CID1515,EID1008,2023-11-27,Delivered
OR1032,CID1868,EID1042,2024-11-18,Delivered
OR1033,CID1692,EID1017,2024-08-27,Delivered
OR1034,CID1585,EID1041,2023-12-02,Canceled
OR1035,CID1585,EID1045,2024-10-28,Delivered
OR1036,CID1602,EID1025,2023-11-13,Delivered
OR1037,CID1430,EID1033,2024-07-26,Delivered
OR1038,CID1080,EID1003,2024-11-06,Delivered
OR1039,CID1839,EID1028,2023-08-19,Delivered
OR1040,CID1679,EID1029,2024-12-26,Shipped
OR1041,CID1372,EID1016,2024-08-30,Delivered
OR1042,CID1478,EID1030,2024-06-13,Canceled
OR1043,CID1412,EID1000,2024-09-01,Canceled
OR1044,CID1857,EID1012,2024-02-19,Delivered
OR1045,CID1435,EID1044,2024-07-25,Delivered
OR1046,CID1737,EID1029,2023-03-14,Delivered
OR1047,CID1800,EID1045,2023-06-11,Delivered
OR1048,CID1701,EID1031,2024-03-11,Delivered
OR1049,CID1355,EID1009,2024-02-12,Delivered
OR1050,CID1232,EID1003,2024-06-02,Delivered
OR1051,CID1855,EID1016,2023-08-21,Delivered
OR1052,CID1334,EID1041,2024-09-21,Delivered
OR1053,CID1237,EID1040,2024-12-19,Shipped
OR1054,CID1636,EID1030,2023-02-10,Delivered
OR1055,CID1307,EID1017,2023-08-30,Delivered
OR1056,CID1478,EID1049,2024-04-27,Delivered
OR1057,CID1277,EID1001,2023-09-11,Delivered
OR1058,CID1387,EID1028,2024-01-01,Delivered
OR1059,CID1883,EID1034,2024-03-28,Delivered
OR1060,CID1854,EID1021,2024-12-22,Shipped
OR1061,CID1624,EID1030,2024-06-15,Delivered
OR1062,CID1375,EID1005,2023-06-08,Delivered
OR1063,CID1337,EID1034,2023-04-03,Delivered
OR1064,CID1589,EID1008,2023-06-30,Delivered
OR1065,CID1004,EID1023,2023-08-09,Delivered
OR1066,CID1238,EID1014,2024-12-08,Canceled
OR1067,CID1143,EID1041,2024-07-26,Delivered
OR1068,CID1207,EID1039,2024-07-28,Delivered
OR1069,CID1287,EID1031,2023-04-26,Delivered
OR1070,CID1473,EID1047,2024-08-21,Delivered
OR1071,CID1607,EID1021,2023-03-01,Delivered
OR1072,CID1078,EID1022,2023-05-16,Delivered
OR1073,CID1611,EID1012,2023-04-30,Delivered
OR1074,CID1386,EID1041,2024-10-12,Delivered
OR1075,CID1285,EID1025,2024-05-04,Delivered
OR1076,CID1130,EID1032,2024-09-21,Delivered
OR1077,CID1512,EID1008,2023-12-27,Delivered
OR1078,CID1277,EID1015,2023-08-21,Delivered
OR1079,CID1799,EID1046,2024-12-03,Delivered
OR1080,CID1001,EID1022,2024-05-14,Delivered
OR1081,CID1616,EID1024,2024-09-03,Delivered
OR1082,CID1066,EID1038,2023-10-12,Delivered
OR1083,CID1689,EID1013,2023-09-15,Delivered
OR1084,CID1426,EID1000,2024-05-05,Delivered
OR1085,CID1713,EID1044,2023-07-12,Delivered
OR1086,CID1697,EID1044,2023-06-23,Delivered
OR1087,CID1043,EID1043,2024-01-29,Delivered
OR1088,CID1727,EID1014,2024-11-12,Canceled
OR1089,CID1122,EID1003,2024-09-22,Delivered
OR1090,CID1541,EID1039,2024-03-17,Delivered
OR1091,CID1552,EID1048,2024-01-13,Canceled
OR1092,CID1203,EID1029,2024-01-02,Delivered
OR1093,CID1453,EID1047,2023-05-21,Delivered
OR1094,CID1709,EID1038,2024-08-07,Canceled
OR1095,CID1391,EID1021,2023-10-08,Delivered
OR1096,CID1085,EID1026,2024-12-19,Shipped
OR1097,CID1001,EID1037,2023-05-13,Delivered
OR1098,CID1423,EID1033,2024-11-30,Delivered
OR1099,CID1292,EID1012,2024-09-10,Delivered
OR1100,CID1478,EID1026,2024-11-15,Delivered
OR1101,CID1782,EID1043,2023-04-14,Canceled
OR1102,CID1063,EID1025,2024-10-27,Canceled
OR1103,CID1643,EID1024,2023-09-10,Delivered
OR1104,CID1397,EID1027,2023-01-18,Delivered
OR1105,CID1040,EID1036,2024-06-22,Delivered
OR1106,CID1410,EID1036,2024-04-07,Delivered
OR1107,CID1378,EID1048,2023-06-12,Delivered
OR1108,CID1896,EID1018,2024-03-23,Delivered
OR1109,CID1857,EID1039,2024-05-25,Canceled
OR1110,CID1152,EID1048,2024-07-24,Delivered
OR1111,CID1662,EID1048,2024-06-12,Delivered
OR1112,CID1385,EID1023,2024-01-07,Delivered
OR1113,CID1341,EID1017,2023-08-18,Delivered
OR1114,CID1020,EID1043,2023-11-13,Canceled
OR1115,CID1513,EID1007,2024-01-26,Delivered
OR1116,CID1174,EID1009,2023-09-30,Delivered
OR1117,CID1185,EID1042,2024-12-28,Shipped
OR1118,CID1350,EID1014,2024-02-24,Delivered
OR1119,CID1188,EID1008,2023-12-29,Delivered
OR1120,CID1855,EID1006,2024-02-24,Delivered
OR1121,CID1693,EID1008,2024-04-01,Delivered
OR1122,CID1201,EID1035,2023-07-31,Delivered
OR1123,CID1654,EID1046,2023-02-18,Delivered
OR1124,CID1276,EID1032,2024-08-31,Delivered
OR1125,CID1312,EID1037,2023-06-01,Canceled
OR1126,CID1556,EID1000,2023-02-19,Delivered
OR1127,CID1561,EID1036,2023-11-01,Canceled
OR1128,CID1877,EID1041,2023-03-29,Delivered
OR1129,CID1158,EID1000,2024-07-07,Canceled
OR1130,CID1140,EID1011,2024-02-23,Delivered
OR1131,CID1725,EID1004,2023-03-30,Delivered
OR1132,CID1513,EID1044,2024-04-21,Delivered
OR1133,CID1705,EID1000,2024-10-05,Delivered
OR1134,CID1793,EID1034,2023-08-13,Delivered
OR1135,CID1180,EID1049,2023-10-29,Delivered
OR1136,CID1155,EID1039,2023-06-05,Delivered
OR1137,CID1772,EID1039,2024-11-07,Delivered
OR1138,CID1395,EID1008,2023-01-29,Delivered
OR1139,CID1590,EID1038,2024-11-16,Canceled
OR1140,CID1653,EID1048,2024-03-08,Delivered
OR1141,CID1519,EID1022,2024-05-05,Delivered
OR1142,CID1175,EID1005,2023-06-04,Canceled
OR1143,CID1132,EID1033,2024-11-24,Delivered
OR1144,CID1784,EID1028,2024-07-06,Canceled
OR1145,CID1689,EID1013,2024-11-16,Delivered
OR1146,CID1105,EID1001,2023-02-16,Delivered
OR1147,CID1495,EID1000,2023-06-06,Delivered
OR1148,CID1197,EID1035,2023-04-19,Canceled
OR1149,CID1448,EID1007,2024-08-21,Delivered
OR1150,CID1659,EID1002,2023-01-31,Delivered
OR1151,CID1188,EID1007,2023-05-08,Delivered
OR1152,CID1862,EID1029,2023-07-23,Delivered
OR1153,CID1374,EID1024,2023-04-19,Delivered
OR1154,CID1094,EID1014,2024-06-13,Delivered
OR1155,CID1166,EID1010,2024-12-07,Delivered
OR1156,CID1357,EID1032,2024-02-02,Canceled
OR1157,CID1208,EID1022,2023-07-10,Delivered
OR1158,CID1056,EID1012,2024-03-26,Delivered
OR1159,CID1372,EID1009,2024-11-29,Canceled
OR1160,CID1836,EID1006,2023-09-13,Canceled
OR1161,CID1086,EID1049,2024-02-02,Delivered
OR1162,CID1833,EID1009,2024-11-08,Delivered
OR1163,CID1089,EID1006,2024-10-12,Delivered
OR1164,CID1364,EID1032,2023-09-06,Delivered
OR1165,CID1205,EID1033,2024-02-01,Delivered
OR1166,CID1475,EID1012,2024-06-04,Delivered
OR1167,CID1294,EID1008,2024-02-22,Delivered
OR1168,CID1233,EID1043,2024-09-18,Delivered
OR1169,CID1286,EID1016,2024-10-29,Delivered
OR1170,CID1274,EID1002,2024-02-16,Delivered
OR1171,CID1214,EID1009,2024-03-12,Delivered
OR1172,CID1353,EID1017,2023-08-12,Delivered
OR1173,CID1267,EID1036,2023-07-12,Delivered
OR1174,CID1390,EID1011,2024-09-22,Delivered
OR1175,CID1169,EID1012,2023-06-20,Canceled
OR1176,CID1756,EID1003,2024-05-17,Delivered
OR1177,CID1309,EID1044,2024-08-22,Delivered
OR1178,CID1107,EID1035,2023-11-30,Delivered
OR1179,CID1076,EID1004,2024-11-07,Delivered
OR1180,CID1249,EID1017,2024-07-27,Delivered
OR1181,CID1532,EID1049,2023-06-15,Delivered
OR1182,CID1710,EID1017,2024-04-21,Delivered
OR1183,CID1229,EID1005,2024-03-31,Delivered
OR1184,CID1362,EID1000,2023-02-06,Delivered
OR1185,CID1073,EID1020,2024-06-14,Delivered
OR1186,CID1787,EID1003,2024-02-26,Delivered
OR1187,CID1584,EID1012,2023-10-18,Canceled
OR1188,CID1114,EID1029,2023-05-08,Delivered
OR1189,CID1230,EID1001,2024-06-18,Delivered
OR1190,CID1720,EID1048,2023-11-21,Delivered
OR1191,CID1731,EID1009,2023-02-28,Delivered
OR1192,CID1227,EID1009,2023-03-30,Delivered
OR1193,CID1132,EID1035,2024-12-24,Shipped
OR1194,CID1715,EID1023,2024-11-02,Canceled
OR1195,CID1081,EID1011,2024-01-19,Delivered
OR1196,CID1267,EID1000,2023-01-17,Delivered
OR1197,CID1002,EID1014,2024-06-12,Delivered
OR1198,CID1761,EID1038,2023-02-10,Delivered
OR1199,CID1193,EID1007,2023-03-11,Delivered
OR1200,CID1368,EID1008,2023-07-27,Delivered
OR1201,CID1127,EID1045,2024-02-06,Canceled
OR1202,CID1096,EID1031,2024-07-08,Delivered
OR1203,CID1625,EID1027,2023-07-16,Delivered
OR1204,CID1126,EID1024,2023-09-17,Delivered
OR1205,CID1310,EID1049,2023-11-10,Delivered
OR1206,CID1057,EID1049,2024-06-28,Delivered
OR1207,CID1279,EID1005,2024-01-24,Delivered
OR1208,CID1482,EID1009,2024-08-27,Delivered
OR1209,CID1207,EID1020,2023-07-23,Canceled
OR1210,CID1774,EID1018,2023-05-12,Delivered
OR1211,CID1475,EID1018,2024-01-24,Canceled
OR1212,CID1619,EID1030,2024-12-05,Delivered
OR1213,CID1787,EID1014,2024-08-02,Delivered
OR1214,CID1438,EID1029,2023-10-15,Delivered
OR1215,CID1261,EID1036,2024-10-24,Delivered
OR1216,CID1364,EID1047,2023-11-18,Delivered
OR1217,CID1702,EID1041,2024-03-02,Canceled
OR1218,CID1006,EID1038,2023-06-27,Delivered
OR1219,CID1008,EID1021,2024-06-23,Delivered
OR1220,CID1015,EID1034,2023-07-09,Delivered
OR1221,CID1365,EID1009,2023-04-30,Delivered
OR1222,CID1025,EID1036,2023-08-16,Canceled
OR1223,CID1788,EID1045,2023-05-22,Delivered
OR1224,CID1462,EID1042,2023-11-26,Delivered
OR1225,CID1570,EID1028,2024-03-06,Delivered
OR1226,CID1182,EID1018,2023-02-26,Delivered
OR1227,CID1552,EID1029,2023-09-16,Delivered
OR1228,CID1297,EID1013,2023-11-19,Delivered
OR1229,CID1546,EID1019,2023-01-05,Delivered
OR1230,CID1771,EID1046,2024-03-14,Delivered
OR1231,CID1293,EID1034,2023-11-18,Delivered
OR1232,CID1320,EID1043,2024-01-04,Delivered
OR1233,CID1642,EID1008,2024-12-28,Shipped
OR1234,CID1126,EID1042,2023-09-30,Delivered
OR1235,CID1811,EID1043,2024-04-19,Delivered
OR1236,CID1083,EID1041,2023-10-17,Delivered
OR1237,CID1638,EID1047,2023-10-31,Delivered
OR1238,CID1490,EID1000,2024-04-25,Delivered
OR1239,CID1455,EID1031,2024-07-27,Delivered
OR1240,CID1289,EID1001,2023-11-16,Delivered
OR1241,CID1883,EID1028,2023-03-14,Delivered
OR1242,CID1393,EID1036,2024-09-13,Delivered
OR1243,CID1853,EID1033,2023-10-08,Delivered
OR1244,CID1378,EID1045,2024-03-07,Delivered
OR1245,CID1027,EID1041,2024-02-24,Delivered
OR1246,CID1244,EID1002,2023-09-06,Delivered
OR1247,CID1754,EID1019,2023-09-26,Delivered
OR1248,CID1051,EID1026,2024-10-16,Delivered
OR1249,CID1769,EID1004,2024-07-29,Delivered
OR1250,CID1124,EID1042,2023-03-24,Delivered
OR1251,CID1239,EID1010,2023-04-09,Delivered
OR1252,CID1394,EID1034,2024-02-27,Delivered
OR1253,CID1211,EID1015,2023-03-18,Delivered
OR1254,CID1439,EID1049,2023-07-22,Canceled
OR1255,CID1758,EID1007,2023-07-07,Delivered
OR1256,CID1685,EID1004,2023-01-06,Delivered
OR1257,CID1707,EID1017,2024-12-20,Shipped
OR1258,CID1616,EID1040,2023-08-12,Delivered
OR1259,CID1818,EID1040,2024-07-23,Delivered
OR1260,CID1835,EID1026,2023-11-20,Delivered
OR1261,CID1582,EID1011,2024-06-28,Delivered
OR1262,CID1845,EID1025,2024-01-30,Canceled
OR1263,CID1379,EID1029,2023-06-20,Delivered
OR1264,CID1857,EID1024,2024-11-29,Canceled
OR1265,CID1620,EID1032,2023-10-25,Delivered
OR1266,CID1397,EID1032,2024-08-09,Delivered
OR1267,CID1778,EID1005,2024-05-05,Delivered
OR1268,CID1536,EID1044,2023-07-13,Delivered
OR1269,CID1466,EID1025,2024-06-18,Delivered
OR1270,CID1091,EID1037,2024-05-19,Delivered
OR1271,CID1578,EID1008,2023-03-23,Delivered
OR1272,CID1660,EID1025,2023-06-28,Delivered
OR1273,CID1633,EID1023,2023-10-20,Delivered
OR1274,CID1589,EID1035,2023-05-31,Delivered
OR1275,CID1186,EID1047,2024-06-06,Delivered
OR1276,CID1071,EID1004,2024-05-27,Delivered
OR1277,CID1889,EID1034,2024-04-08,Delivered
OR1278,CID1144,EID1028,2023-09-20,Delivered
OR1279,CID1348,EID1002,2023-11-24,Delivered
OR1280,CID1700,EID1026,2024-01-02,Delivered
OR1281,CID1690,EID1009,2023-06-03,Delivered
OR1282,CID1693,EID1018,2024-03-08,Delivered
OR1283,CID1255,EID1020,2023-06-28,Delivered
OR1284,CID1651,EID1026,2023-06-27,Delivered
OR1285,CID1541,EID1011,2023-02-20,Canceled
OR1286,CID1294,EID1004,2023-12-10,Canceled
OR1287,CID1492,EID1008,2023-05-28,Canceled
OR1288,CID1026,EID1010,2023-04-22,Delivered
OR1289,CID1672,EID1036,2024-03-13,Delivered
OR1290,CID1101,EID1023,2023-09-09,Canceled
OR1291,CID1542,EID1016,2023-07-13,Delivered
OR1292,CID1272,EID1023,2023-06-15,Delivered
OR1293,CID1468,EID1038,2024-10-21,Canceled
OR1294,CID1157,EID1013,2023-09-23,Delivered
OR1295,CID1547,EID1009,2023-01-19,Delivered
OR1296,CID1227,EID1024,2024-07-31,Delivered
OR1297,CID1204,EID1011,2024-09-13,Delivered
OR1298,CID1814,EID1010,2024-08-12,Delivered
OR1299,CID1400,EID1047,2023-08-23,Delivered
OR1300,CID1722,EID1027,2023-07-31,Delivered
OR1301,CID1503,EID1002,2023-08-25,Delivered
OR1302,CID1258,EID1018,2023-08-21,Delivered
OR1303,CID1551,EID1000,2023-01-16,Delivered
OR1304,CID1190,EID1001,2024-07-15,Delivered
OR1305,CID1217,EID1021,2023-04-12,Canceled
OR1306,CID1215,EID1020,2023-03-30,Delivered
OR1307,CID1530,EID1036,2023-10-19,Canceled
OR1308,CID1079,EID1001,2023-09-12,Delivered
OR1309,CID1186,EID1033,2024-09-09,Delivered
OR1310,CID1047,EID1004,2024-11-18,Delivered
OR1311,CID1304,EID1040,2024-01-06,Delivered
OR1312,CID1048,EID1029,2023-02-08,Delivered
OR1313,CID1138,EID1022,2023-02-01,Delivered
OR1314,CID1416,EID1036,2024-11-24,Delivered
OR1315,CID1127,EID1045,2023-05-28,Delivered
OR1316,CID1443,EID1044,2023-10-03,Delivered
OR1317,CID1015,EID1000,2024-05-17,Delivered
OR1318,CID1258,EID1011,2024-01-19,Delivered
OR1319,CID1650,EID1007,2024-08-21,Delivered
OR1320,CID1026,EID1019,2024-06-07,Delivered
OR1321,CID1328,EID1011,2023-09-06,Delivered
OR1322,CID1522,EID1023,2024-07-10,Delivered
OR1323,CID1313,EID1039,2023-09-12,Delivered
OR1324,CID1430,EID1003,2024-06-18,Delivered
OR1325,CID1019,EID1038,2024-09-11,Delivered
OR1326,CID1484,EID1024,2023-06-20,Delivered
OR1327,CID1059,EID1013,2024-11-29,Canceled
OR1328,CID1537,EID1023,2023-02-14,Canceled
OR1329,CID1245,EID1011,2023-05-20,Delivered
OR1330,CID1357,EID1000,2024-10-14,Delivered
OR1331,CID1761,EID1032,2023-01-18,Canceled
OR1332,CID1578,EID1015,2023-11-21,Delivered
OR1333,CID1350,EID1024,2023-12-28,Delivered
OR1334,CID1202,EID1031,2023-09-01,Delivered
OR1335,CID1464,EID1013,2023-12-29,Canceled
OR1336,CID1673,EID1006,2023-10-21,Delivered
OR1337,CID1611,EID1000,2023-11-09,Delivered
OR1338,CID1660,EID1025,2023-12-05,Delivered
OR1339,CID1547,EID1013,2024-06-16,Delivered
OR1340,CID1163,EID1029,2023-07-21,Delivered
OR1341,CID1043,EID1008,2023-05-28,Delivered
OR1342,CID1429,EID1004,2023-11-07,Delivered
OR1343,CID1242,EID1038,2024-09-24,Delivered
OR1344,CID1552,EID1007,2024-04-11,Delivered
OR1345,CID1793,EID1030,2024-05-11,Delivered
OR1346,CID1025,EID1007,2023-03-30,Delivered
OR1347,CID1782,EID1026,2023-12-07,Delivered
OR1348,CID1075,EID1019,2024-05-09,Delivered
OR1349,CID1631,EID1014,2024-05-26,Delivered
OR1350,CID1739,EID1049,2023-05-18,Delivered
OR1351,CID1467,EID1044,2024-12-09,Canceled
OR1352,CID1874,EID1025,2024-11-12,Delivered
OR1353,CID1616,EID1008,2023-11-24,Delivered
OR1354,CID1307,EID1004,2023-07-19,Delivered
OR1355,CID1896,EID1016,2023-12-22,Delivered
OR1356,CID1875,EID1029,2024-06-15,Delivered
OR1357,CID1243,EID1024,2024-05-16,Canceled
OR1358,CID1274,EID1014,2024-04-24,Delivered
OR1359,CID1361,EID1006,2024-05-30,Delivered
OR1360,CID1039,EID1022,2023-05-17,Delivered
OR1361,CID1167,EID1036,2023-01-24,Delivered
OR1362,CID1279,EID1022,2023-03-31,Canceled
OR1363,CID1619,EID1008,2023-03-27,Delivered
OR1364,CID1383,EID1046,2024-03-16,Delivered
OR1365,CID1478,EID1016,2023-06-05,Delivered
OR1366,CID1244,EID1019,2023-02-15,Delivered
OR1367,CID1406,EID1047,2023-06-16,Delivered
OR1368,CID1578,EID1033,2024-09-26,Delivered
OR1369,CID1083,EID1011,2024-10-21,Delivered
OR1370,CID1490,EID1015,2023-06-24,Delivered
OR1371,CID1850,EID1035,2023-01-14,Delivered
OR1372,CID1652,EID1009,2024-02-28,Canceled
OR1373,CID1683,EID1007,2024-02-26,Delivered
OR1374,CID1663,EID1029,2023-11-28,Delivered
OR1375,CID1775,EID1002,2023-08-03,Delivered
OR1376,CID1221,EID1018,2024-01-21,Delivered
OR1377,CID1836,EID1010,2023-04-12,Delivered
OR1378,CID1655,EID1022,2024-12-01,Delivered
OR1379,CID1195,EID1045,2023-09-15,Delivered
OR1380,CID1490,EID1002,2024-03-09,Delivered
OR1381,CID1354,EID1045,2024-05-12,Delivered
OR1382,CID1343,EID1033,2023-05-23,Delivered
OR1383,CID1412,EID1034,2023-01-18,Canceled
OR1384,CID1428,EID1024,2024-03-01,Canceled
OR1385,CID1782,EID1017,2024-01-14,Canceled
OR1386,CID1230,EID1032,2024-10-23,Delivered
OR1387,CID1817,EID1023,2023-04-22,Delivered
OR1388,CID1171,EID1008,2024-09-12,Delivered
OR1389,CID1881,EID1036,2024-07-17,Delivered
OR1390,CID1842,EID1043,2023-04-13,Canceled
OR1391,CID1545,EID1036,2024-12-29,Shipped
OR1392,CID1379,EID1034,2023-02-12,Delivered
OR1393,CID1769,EID1028,2023-01-01,Delivered
OR1394,CID1727,EID1024,2023-01-18,Delivered
OR1395,CID1152,EID1023,2024-05-17,Delivered
OR1396,CID1212,EID1030,2024-08-23,Delivered
OR1397,CID1168,EID1045,2023-10-30,Delivered
OR1398,CID1832,EID1008,2023-05-15,Delivered
OR1399,CID1347,EID1045,2024-01-26,Delivered
OR1400,CID1472,EID1021,2023-12-04,Delivered
OR1401,CID1813,EID1009,2024-02-08,Delivered
OR1402,CID1251,EID1032,2023-04-22,Canceled
OR1403,CID1082,EID1032,2023-11-30,Delivered
OR1404,CID1878,EID1034,2023-07-31,Delivered
OR1405,CID1464,EID1006,2023-09-04,Delivered
OR1406,CID1216,EID1009,2024-02-14,Canceled
OR1407,CID1167,EID1035,2024-04-24,Delivered
OR1408,CID1192,EID1023,2023-01-30,Delivered
OR1409,CID1108,EID1006,2023-04-20,Delivered
OR1410,CID1278,EID1006,2023-11-19,Canceled
OR1411,CID1535,EID1045,2023-03-28,Delivered
OR1412,CID1667,EID1002,2023-06-02,Delivered
OR1413,CID1626,EID1027,2023-11-18,Delivered
OR1414,CID1826,EID1019,2023-02-01,Delivered
OR1415,CID1765,EID1023,2023-03-04,Delivered
OR1416,CID1571,EID1039,2024-05-26,Delivered
OR1417,CID1003,EID1023,2024-03-20,Canceled
OR1418,CID1399,EID1018,2023-02-04,Delivered
OR1419,CID1136,EID1027,2024-08-11,Delivered
OR1420,CID1682,EID1036,2024-10-06,Canceled
OR1421,CID1322,EID1047,2024-11-23,Delivered
OR1422,CID1144,EID1023,2024-11-30,Delivered
OR1423,CID1486,EID1030,2023-02-03,Delivered
OR1424,CID1191,EID1048,2024-12-16,Delivered
OR1425,CID1625,EID1030,2023-10-22,Delivered
OR1426,CID1251,EID1023,2024-01-27,Delivered
OR1427,CID1234,EID1046,2023-08-17,Delivered
OR1428,CID1168,EID1025,2023-06-15,Delivered
OR1429,CID1716,EID1029,2023-05-19,Delivered
OR1430,CID1788,EID1043,2023-12-06,Delivered
OR1431,CID1371,EID1046,2023-12-22,Delivered
OR1432,CID1455,EID1008,2024-07-13,Canceled
OR1433,CID1318,EID1003,2024-02-08,Delivered
OR1434,CID1097,EID1017,2024-02-13,Delivered
OR1435,CID1708,EID1004,2023-12-22,Delivered
OR1436,CID1426,EID1017,2023-03-24,Delivered
OR1437,CID1003,EID1038,2023-02-04,Delivered
OR1438,CID1245,EID1047,2024-09-28,Delivered
OR1439,CID1050,EID1038,2023-12-04,Delivered
OR1440,CID1756,EID1002,2023-07-31,Delivered
OR1441,CID1535,EID1019,2023-12-09,Delivered
OR1442,CID1523,EID1030,2024-09-11,Delivered
OR1443,CID1718,EID1025,2023-12-20,Delivered
OR1444,CID1209,EID1018,2023-12-30,Canceled
OR1445,CID1019,EID1025,2023-10-26,Delivered
OR1446,CID1260,EID1014,2023-10-03,Delivered
OR1447,CID1429,EID1028,2024-03-22,Delivered
OR1448,CID1552,EID1013,2024-02-05,Delivered
OR1449,CID1552,EID1043,2023-10-09,Delivered
OR1450,CID1412,EID1014,2023-05-29,Delivered
OR1451,CID1410,EID1015,2024-05-05,Delivered
OR1452,CID1249,EID1018,2024-07-19,Delivered
OR1453,CID1694,EID1040,2023-11-16,Delivered
OR1454,CID1137,EID1027,2024-08-21,Delivered
OR1455,CID1459,EID1028,2024-05-08,Delivered
OR1456,CID1632,EID1002,2024-10-03,Delivered
OR1457,CID1122,EID1008,2024-03-17,Canceled
OR1458,CID1671,EID1021,2024-06-10,Delivered
OR1459,CID1826,EID1026,2024-01-22,Canceled
OR1460,CID1345,EID1041,2023-04-18,Canceled
OR1461,CID1213,EID1030,2023-06-29,Delivered
OR1462,CID1438,EID1023,2024-02-13,Canceled
OR1463,CID1091,EID1037,2023-01-30,Delivered
OR1464,CID1073,EID1001,2024-11-28,Delivered
OR1465,CID1449,EID1036,2023-03-15,Delivered
OR1466,CID1474,EID1010,2024-10-28,Delivered
OR1467,CID1811,EID1046,2023-02-18,Delivered
OR1468,CID1410,EID1029,2023-09-29,Delivered
OR1469,CID1562,EID1027,2023-10-31,Delivered
OR1470,CID1570,EID1043,2023-12-19,Delivered
OR1471,CID1741,EID1022,2024-03-10,Delivered
OR1472,CID1048,EID1046,2024-12-02,Delivered
OR1473,CID1148,EID1013,2024-10-26,Delivered
OR1474,CID1080,EID1006,2024-11-10,Delivered
OR1475,CID1270,EID1048,2023-09-25,Delivered
OR1476,CID1846,EID1003,2024-12-27,Shipped
OR1477,CID1647,EID1020,2023-05-13,Delivered
OR1478,CID1040,EID1036,2024-04-30,Delivered
OR1479,CID1478,EID1013,2024-09-18,Delivered
OR1480,CID1250,EID1016,2024-06-15,Delivered
OR1481,CID1041,EID1045,2024-06-11,Delivered
OR1482,CID1878,EID1040,2023-09-07,Delivered
OR1483,CID1331,EID1000,2024-11-13,Delivered
OR1484,CID1454,EID1017,2023-02-22,Delivered
OR1485,CID1404,EID1029,2024-12-06,Delivered
OR1486,CID1414,EID1011,2023-08-28,Delivered
OR1487,CID1601,EID1003,2023-10-01,Delivered
OR1488,CID1083,EID1020,2024-08-25,Delivered
OR1489,CID1128,EID1001,2024-10-19,Delivered
OR1490,CID1262,EID1049,2024-09-30,Delivered
OR1491,CID1616,EID1045,2023-03-02,Delivered
OR1492,CID1496,EID1004,2023-10-06,Delivered
OR1493,CID1556,EID1048,2023-07-13,Delivered
OR1494,CID1333,EID1007,2024-02-09,Delivered
OR1495,CID1368,EID1000,2023-07-12,Delivered
OR1496,CID1693,EID1045,2024-10-06,Delivered
OR1497,CID1752,EID1019,2023-05-27,Delivered
OR1498,CID1010,EID1026,2023-08-07,Delivered
OR1499,CID1170,EID1035,2023-08-09,Delivered
OR1500,CID1249,EID1032,2024-01-21,Delivered
OR1501,CID1219,EID1033,2023-08-06,Delivered
OR1502,CID1232,EID1044,2024-03-13,Delivered
OR1503,CID1255,EID1045,2024-05-16,Delivered
OR1504,CID1856,EID1019,2023-09-21,Delivered
OR1505,CID1266,EID1022,2024-12-08,Delivered
OR1506,CID1054,EID1019,2023-11-25,Delivered
OR1507,CID1443,EID1000,2024-10-18,Delivered
OR1508,CID1492,EID1038,2024-10-06,Delivered
OR1509,CID1165,EID1028,2024-11-04,Delivered
OR1510,CID1709,EID1029,2023-12-24,Delivered
OR1511,CID1484,EID1043,2023-05-12,Delivered
OR1512,CID1357,EID1038,2023-07-22,Canceled
OR1513,CID1641,EID1021,2024-05-13,Delivered
OR1514,CID1182,EID1033,2024-08-16,Delivered
OR1515,CID1077,EID1008,2023-04-17,Delivered
OR1516,CID1090,EID1048,2023-07-18,Delivered
OR1517,CID1455,EID1004,2024-05-05,Delivered
OR1518,CID1209,EID1041,2023-03-08,Delivered
OR1519,CID1237,EID1031,2023-08-28,Delivered
OR1520,CID1576,EID1019,2023-10-03,Delivered
OR1521,CID1665,EID1046,2024-02-08,Canceled
OR1522,CID1264,EID1006,2024-02-29,Delivered
OR1523,CID1268,EID1014,2024-04-09,Delivered
OR1524,CID1583,EID1004,2023-07-28,Delivered
OR1525,CID1280,EID1001,2024-08-29,Delivered
OR1526,CID1859,EID1007,2024-07-25,Delivered
OR1527,CID1497,EID1006,2023-12-17,Delivered
OR1528,CID1414,EID1034,2024-07-31,Delivered
OR1529,CID1596,EID1039,2023-08-01,Delivered
OR1530,CID1159,EID1024,2023-09-07,Delivered
OR1531,CID1719,EID1010,2024-06-27,Delivered
OR1532,CID1381,EID1003,2024-08-31,Delivered
OR1533,CID1547,EID1045,2024-05-29,Canceled
OR1534,CID1670,EID1009,2023-11-20,Delivered
OR1535,CID1632,EID1041,2023-07-10,Delivered
OR1536,CID1351,EID1002,2024-02-06,Delivered
OR1537,CID1586,EID1007,2023-09-01,Delivered
OR1538,CID1285,EID1034,2023-01-30,Delivered
OR1539,CID1819,EID1009,2024-04-12,Delivered
OR1540,CID1008,EID1015,2023-11-27,Delivered
OR1541,CID1493,EID1044,2023-10-23,Delivered
OR1542,CID1077,EID1042,2023-08-13,Delivered
OR1543,CID1692,EID1003,2024-12-13,Delivered
OR1544,CID1612,EID1038,2024-06-27,Delivered
OR1545,CID1036,EID1027,2023-03-13,Canceled
OR1546,CID1826,EID1023,2023-03-31,Delivered
OR1547,CID1305,EID1034,2023-10-19,Canceled
OR1548,CID1747,EID1049,2023-12-06,Canceled
OR1549,CID1673,EID1040,2024-07-23,Delivered
OR1550,CID1338,EID1007,2024-04-22,Delivered
OR1551,CID1654,EID1023,2023-04-11,Delivered
OR1552,CID1836,EID1012,2023-10-22,Delivered
OR1553,CID1880,EID1023,2024-08-04,Delivered
OR1554,CID1129,EID1027,2023-06-30,Canceled
OR1555,CID1621,EID1021,2023-04-28,Canceled
OR1556,CID1046,EID1006,2024-06-04,Delivered
OR1557,CID1279,EID1009,2024-11-22,Delivered
OR1558,CID1509,EID1015,2024-12-26,Shipped
OR1559,CID1087,EID1005,2023-08-07,Delivered
OR1560,CID1834,EID1017,2024-03-09,Delivered
OR1561,CID1092,EID1005,2023-10-08,Delivered
OR1562,CID1866,EID1006,2023-03-15,Delivered
OR1563,CID1465,EID1030,2024-01-17,Delivered
OR1564,CID1215,EID1001,2024-08-30,Delivered
OR1565,CID1864,EID1044,2023-08-28,Delivered
OR1566,CID1423,EID1041,2024-06-16,Delivered
OR1567,CID1608,EID1040,2024-06-27,Delivered
OR1568,CID1666,EID1030,2024-05-19,Delivered
OR1569,CID1356,EID1021,2024-12-16,Delivered
OR1570,CID1432,EID1037,2024-12-06,Delivered
OR1571,CID1208,EID1044,2023-05-31,Delivered
OR1572,CID1382,EID1008,2023-11-24,Delivered
OR1573,CID1122,EID1006,2024-12-18,Shipped
OR1574,CID1427,EID1041,2024-09-22,Delivered
OR1575,CID1469,EID1017,2023-02-01,Delivered
OR1576,CID1483,EID1048,2023-02-11,Delivered
OR1577,CID1461,EID1008,2024-03-04,Delivered
OR1578,CID1469,EID1048,2023-11-05,Canceled
OR1579,CID1220,EID1020,2023-02-07,Canceled
OR1580,CID1072,EID1030,2024-01-17,Delivered
OR1581,CID1577,EID1006,2024-08-13,Delivered
OR1582,CID1354,EID1003,2023-08-28,Delivered
OR1583,CID1235,EID1024,2023-01-01,Delivered
OR1584,CID1657,EID1046,2024-11-17,Delivered
OR1585,CID1327,EID1022,2023-01-14,Delivered
OR1586,CID1792,EID1021,2024-10-27,Delivered
OR1587,CID1123,EID1004,2024-11-12,Delivered
OR1588,CID1088,EID1030,2024-01-23,Delivered
OR1589,CID1532,EID1033,2023-06-23,Canceled
OR1590,CID1737,EID1018,2023-03-04,Delivered
OR1591,CID1716,EID1045,2024-05-25,Delivered
OR1592,CID1322,EID1025,2023-07-29,Delivered
OR1593,CID1866,EID1007,2023-09-28,Delivered
OR1594,CID1756,EID1023,2023-12-03,Delivered
OR1595,CID1810,EID1009,2023-09-17,Delivered
OR1596,CID1526,EID1025,2023-03-15,Canceled
OR1597,CID1752,EID1026,2023-02-07,Delivered
OR1598,CID1247,EID1030,2023-01-18,Delivered
OR1599,CID1049,EID1032,2023-01-15,Delivered
OR1600,CID1520,EID1008,2024-11-27,Delivered
OR1601,CID1534,EID1035,2024-10-20,Canceled
OR1602,CID1375,EID1044,2023-02-28,Canceled
OR1603,CID1069,EID1003,2023-02-13,Delivered
OR1604,CID1255,EID1001,2024-02-20,Delivered
OR1605,CID1201,EID1015,2023-07-30,Delivered
OR1606,CID1452,EID1013,2024-06-09,Delivered
OR1607,CID1401,EID1026,2024-12-14,Delivered
OR1608,CID1673,EID1046,2023-07-01,Delivered
OR1609,CID1484,EID1038,2024-02-23,Canceled
OR1610,CID1149,EID1009,2024-07-09,Delivered
OR1611,CID1007,EID1029,2024-11-05,Canceled
OR1612,CID1300,EID1007,2024-06-21,Delivered
OR1613,CID1210,EID1037,2023-08-01,Delivered
OR1614,CID1671,EID1027,2023-08-11,Delivered
OR1615,CID1654,EID1005,2024-12-04,Delivered
OR1616,CID1146,EID1018,2024-11-20,Delivered
OR1617,CID1893,EID1015,2024-06-25,Delivered
OR1618,CID1672,EID1034,2023-11-26,Delivered
OR1619,CID1813,EID1010,2023-05-02,Delivered
OR1620,CID1097,EID1029,2024-11-28,Delivered
OR1621,CID1222,EID1037,2023-11-19,Delivered
OR1622,CID1649,EID1039,2024-11-02,Delivered
OR1623,CID1488,EID1042,2024-05-17,Delivered
OR1624,CID1834,EID1042,2024-03-09,Delivered
OR1625,CID1723,EID1017,2023-06-03,Delivered
OR1626,CID1524,EID1017,2023-11-07,Delivered
OR1627,CID1598,EID1034,2024-07-13,Delivered
OR1628,CID1317,EID1030,2024-12-26,Shipped
OR1629,CID1692,EID1028,2024-02-21,Delivered
OR1630,CID1648,EID1000,2024-04-08,Delivered
OR1631,CID1741,EID1042,2024-11-01,Canceled
OR1632,CID1190,EID1044,2023-08-06,Canceled
OR1633,CID1126,EID1007,2024-09-04,Delivered
OR1634,CID1503,EID1045,2023-09-27,Delivered
OR1635,CID1755,EID1018,2024-02-13,Delivered
OR1636,CID1514,EID1031,2024-10-24,Delivered
OR1637,CID1061,EID1010,2023-04-26,Delivered
OR1638,CID1362,EID1041,2023-12-15,Canceled
OR1639,CID1146,EID1004,2024-07-13,Delivered
OR1640,CID1264,EID1046,2023-03-23,Delivered
OR1641,CID1121,EID1046,2024-10-29,Canceled
OR1642,CID1706,EID1014,2023-04-11,Delivered
OR1643,CID1426,EID1027,2023-01-09,Delivered
OR1644,CID1136,EID1046,2024-08-25,Delivered
OR1645,CID1115,EID1046,2023-03-16,Delivered
OR1646,CID1568,EID1018,2023-04-07,Delivered
OR1647,CID1875,EID1006,2023-10-09,Delivered
OR1648,CID1765,EID1026,2023-04-08,Delivered
OR1649,CID1868,EID1006,2024-10-29,Canceled
OR1650,CID1076,EID1004,2023-04-30,Delivered
OR1651,CID1415,EID1011,2023-04-19,Canceled
OR1652,CID1492,EID1047,2023-09-17,Delivered
OR1653,CID1767,EID1006,2024-02-17,Delivered
OR1654,CID1301,EID1021,2023-12-13,Delivered
OR1655,CID1174,EID1049,2024-01-03,Delivered
OR1656,CID1570,EID1031,2023-09-16,Delivered
OR1657,CID1331,EID1023,2024-04-03,Delivered
OR1658,CID1272,EID1015,2024-09-21,Delivered
OR1659,CID1053,EID1044,2024-12-19,Shipped
OR1660,CID1702,EID1023,2024-11-04,Delivered
OR1661,CID1624,EID1017,2024-07-22,Delivered
OR1662,CID1729,EID1022,2023-09-27,Delivered
OR1663,CID1740,EID1047,2023-06-11,Delivered
OR1664,CID1890,EID1027,2024-09-29,Delivered
OR1665,CID1589,EID1039,2023-09-06,Delivered
OR1666,CID1221,EID1030,2024-07-08,Delivered
OR1667,CID1005,EID1047,2023-07-05,Delivered
OR1668,CID1605,EID1048,2023-07-02,Delivered
OR1669,CID1036,EID1027,2023-05-20,Delivered
OR1670,CID1177,EID1007,2023-10-07,Delivered
OR1671,CID1102,EID1041,2024-04-12,Delivered
OR1672,CID1621,EID1016,2024-09-05,Delivered
OR1673,CID1895,EID1029,2023-11-27,Delivered
OR1674,CID1484,EID1038,2023-11-18,Delivered
OR1675,CID1673,EID1037,2023-04-10,Delivered
OR1676,CID1431,EID1045,2023-12-31,Delivered
OR1677,CID1455,EID1043,2023-07-17,Delivered
OR1678,CID1687,EID1023,2024-01-08,Delivered
OR1679,CID1591,EID1043,2024-05-05,Canceled
OR1680,CID1428,EID1009,2024-06-09,Delivered
OR1681,CID1674,EID1034,2024-01-31,Delivered
OR1682,CID1732,EID1017,2024-02-20,Delivered
OR1683,CID1483,EID1037,2023-07-22,Delivered
OR1684,CID1366,EID1018,2024-02-21,Delivered
OR1685,CID1491,EID1047,2024-02-07,Delivered
OR1686,CID1738,EID1018,2023-11-14,Delivered
OR1687,CID1653,EID1023,2023-12-17,Delivered
OR1688,CID1657,EID1018,2023-08-01,Delivered
OR1689,CID1805,EID1006,2024-04-05,Delivered
OR1690,CID1477,EID1005,2023-04-01,Delivered
OR1691,CID1759,EID1036,2023-02-27,Delivered
OR1692,CID1723,EID1046,2024-10-25,Delivered
OR1693,CID1486,EID1031,2024-01-29,Delivered
OR1694,CID1741,EID1039,2023-11-10,Delivered
OR1695,CID1753,EID1023,2024-12-31,Pending
OR1696,CID1518,EID1007,2023-02-10,Delivered
OR1697,CID1299,EID1023,2024-02-03,Delivered
OR1698,CID1801,EID1029,2023-05-14,Delivered
OR1699,CID1273,EID1004,2024-09-14,Delivered
OR1700,CID1295,EID1040,2023-11-07,Delivered
OR1701,CID1628,EID1020,2023-08-05,Delivered
OR1702,CID1174,EID1045,2023-06-17,Canceled
OR1703,CID1528,EID1030,2024-12-13,Delivered
OR1704,CID1619,EID1030,2023-03-15,Delivered
OR1705,CID1599,EID1040,2024-02-21,Delivered
OR1706,CID1471,EID1017,2023-01-03,Delivered
OR1707,CID1174,EID1035,2023-03-03,Delivered
OR1708,CID1708,EID1043,2023-02-19,Delivered
OR1709,CID1219,EID1016,2024-06-26,Delivered
OR1710,CID1177,EID1041,2024-02-04,Delivered
OR1711,CID1500,EID1047,2024-12-24,Shipped
OR1712,CID1058,EID1040,2023-09-27,Canceled
OR1713,CID1379,EID1037,2023-01-24,Delivered
OR1714,CID1794,EID1019,2024-11-18,Delivered
OR1715,CID1888,EID1044,2024-11-17,Delivered
OR1716,CID1316,EID1038,2023-08-08,Delivered
OR1717,CID1059,EID1036,2024-01-11,Canceled
OR1718,CID1735,EID1040,2023-08-07,Delivered
OR1719,CID1125,EID1036,2024-04-08,Delivered
OR1720,CID1052,EID1008,2023-08-04,Delivered
OR1721,CID1204,EID1040,2023-08-29,Delivered
OR1722,CID1115,EID1031,2024-05-21,Delivered
OR1723,CID1882,EID1000,2023-01-08,Delivered
OR1724,CID1453,EID1041,2023-12-14,Delivered
OR1725,CID1144,EID1004,2023-11-23,Delivered
OR1726,CID1213,EID1025,2024-08-31,Delivered
OR1727,CID1686,EID1037,2024-06-11,Delivered
OR1728,CID1652,EID1003,2024-07-04,Delivered
OR1729,CID1706,EID1032,2023-04-03,Delivered
OR1730,CID1210,EID1027,2024-10-21,Canceled
OR1731,CID1729,EID1023,2023-08-07,Delivered
OR1732,CID1147,EID1009,2024-09-21,Delivered
OR1733,CID1870,EID1044,2023-10-21,Delivered
OR1734,CID1108,EID1027,2023-06-25,Delivered
OR1735,CID1470,EID1045,2023-11-06,Delivered
OR1736,CID1110,EID1025,2023-09-10,Delivered
OR1737,CID1523,EID1012,2024-05-15,Canceled
OR1738,CID1348,EID1001,2023-09-15,Canceled
OR1739,CID1702,EID1024,2024-01-22,Delivered
OR1740,CID1396,EID1001,2024-10-28,Delivered
OR1741,CID1191,EID1031,2024-12-03,Delivered
OR1742,CID1598,EID1031,2024-09-11,Delivered
OR1743,CID1119,EID1044,2024-04-08,Delivered
OR1744,CID1426,EID1021,2023-07-13,Delivered
OR1745,CID1437,EID1020,2024-06-30,Delivered
OR1746,CID1730,EID1027,2023-03-30,Delivered
OR1747,CID1495,EID1048,2023-10-21,Delivered
OR1748,CID1759,EID1011,2023-09-10,Delivered
OR1749,CID1676,EID1009,2023-09-28,Delivered
OR1750,CID1143,EID1006,2023-02-09,Delivered
OR1751,CID1061,EID1039,2023-01-11,Delivered
OR1752,CID1801,EID1017,2024-06-26,Delivered
OR1753,CID1454,EID1032,2024-04-14,Canceled
OR1754,CID1863,EID1012,2024-12-25,Shipped
OR1755,CID1837,EID1006,2024-01-08,Canceled
OR1756,CID1498,EID1003,2023-04-18,Delivered
OR1757,CID1851,EID1038,2024-11-04,Delivered
OR1758,CID1317,EID1023,2024-10-17,Delivered
OR1759,CID1616,EID1025,2023-04-09,Delivered
OR1760,CID1474,EID1032,2023-07-25,Delivered
OR1761,CID1076,EID1012,2023-06-13,Delivered
OR1762,CID1018,EID1004,2023-04-12,Delivered
OR1763,CID1868,EID1026,2024-07-15,Delivered
OR1764,CID1618,EID1004,2023-11-11,Canceled
OR1765,CID1239,EID1047,2024-12-08,Delivered
OR1766,CID1568,EID1035,2023-03-19,Delivered
OR1767,CID1132,EID1009,2023-12-31,Delivered
OR1768,CID1327,EID1013,2024-06-14,Delivered
OR1769,CID1377,EID1033,2023-02-08,Delivered
OR1770,CID1624,EID1035,2023-07-07,Delivered
OR1771,CID1511,EID1029,2023-01-25,Canceled
OR1772,CID1520,EID1029,2023-04-19,Delivered
OR1773,CID1442,EID1046,2023-12-07,Canceled
OR1774,CID1549,EID1014,2024-08-24,Delivered
OR1775,CID1865,EID1011,2024-08-08,Delivered
OR1776,CID1427,EID1012,2024-01-29,Delivered
OR1777,CID1308,EID1016,2023-07-12,Delivered
OR1778,CID1374,EID1040,2023-03-31,Delivered
OR1779,CID1466,EID1042,2024-03-21,Delivered
OR1780,CID1668,EID1037,2023-02-16,Delivered
OR1781,CID1501,EID1013,2023-03-31,Delivered
OR1782,CID1851,EID1024,2024-08-12,Delivered
OR1783,CID1147,EID1031,2024-04-06,Delivered
OR1784,CID1622,EID1039,2023-01-10,Delivered
OR1785,CID1060,EID1013,2023-09-27,Delivered
OR1786,CID1134,EID1018,2023-12-27,Delivered
OR1787,CID1313,EID1009,2024-09-04,Delivered
OR1788,CID1827,EID1032,2023-08-28,Delivered
OR1789,CID1115,EID1014,2023-02-03,Delivered
OR1790,CID1845,EID1022,2024-05-27,Delivered
OR1791,CID1476,EID1024,2023-04-08,Delivered
OR1792,CID1211,EID1043,2023-12-24,Delivered
OR1793,CID1743,EID1043,2024-02-20,Delivered
OR1794,CID1862,EID1032,2024-02-21,Delivered
OR1795,CID1519,EID1035,2024-12-03,Delivered
OR1796,CID1824,EID1001,2023-06-04,Delivered
OR1797,CID1311,EID1025,2024-08-13,Delivered
OR1798,CID1594,EID1037,2023-07-25,Delivered
OR1799,CID1744,EID1011,2023-05-09,Delivered
OR1800,CID1798,EID1038,2023-06-11,Delivered
OR1801,CID1223,EID1008,2024-11-21,Delivered
OR1802,CID1048,EID1030,2023-07-22,Delivered
OR1803,CID1188,EID1027,2023-10-03,Delivered
OR1804,CID1335,EID1040,2023-07-30,Delivered
OR1805,CID1461,EID1020,2024-06-06,Delivered
OR1806,CID1655,EID1011,2023-10-27,Delivered
OR1807,CID1464,EID1027,2023-08-31,Delivered
OR1808,CID1203,EID1046,2023-03-12,Delivered
OR1809,CID1763,EID1002,2023-01-26,Delivered
OR1810,CID1154,EID1029,2023-03-16,Delivered
OR1811,CID1567,EID1036,2023-06-23,Delivered
OR1812,CID1282,EID1038,2023-05-16,Canceled
OR1813,CID1621,EID1017,2023-08-02,Delivered
OR1814,CID1784,EID1007,2023-06-21,Delivered
OR1815,CID1372,EID1000,2024-12-10,Delivered
OR1816,CID1428,EID1002,2023-01-25,Delivered
OR1817,CID1235,EID1039,2023-12-16,Delivered
OR1818,CID1747,EID1006,2024-06-29,Delivered
OR1819,CID1058,EID1036,2024-07-26,Delivered
OR1820,CID1749,EID1034,2024-07-18,Canceled
OR1821,CID1326,EID1002,2023-09-12,Delivered
OR1822,CID1367,EID1011,2024-09-10,Delivered
OR1823,CID1256,EID1046,2024-08-07,Delivered
OR1824,CID1508,EID1013,2024-04-07,Delivered
OR1825,CID1490,EID1018,2024-10-21,Delivered
OR1826,CID1199,EID1028,2023-12-16,Delivered
OR1827,CID1157,EID1034,2024-04-26,Delivered
OR1828,CID1739,EID1037,2023-09-25,Delivered
OR1829,CID1480,EID1013,2024-10-01,Delivered
OR1830,CID1414,EID1015,2023-01-21,Canceled
OR1831,CID1728,EID1025,2024-12-05,Delivered
OR1832,CID1851,EID1016,2023-03-28,Delivered
OR1833,CID1191,EID1025,2023-08-03,Delivered
OR1834,CID1322,EID1019,2024-03-08,Delivered
OR1835,CID1032,EID1002,2024-07-01,Delivered
OR1836,CID1171,EID1015,2023-12-04,Canceled
OR1837,CID1721,EID1000,2023-12-26,Canceled
OR1838,CID1306,EID1023,2024-07-30,Canceled
OR1839,CID1784,EID1006,2024-03-24,Delivered
OR1840,CID1453,EID1008,2024-10-02,Canceled
OR1841,CID1747,EID1026,2024-04-20,Delivered
OR1842,CID1042,EID1000,2023-09-19,Delivered
OR1843,CID1882,EID1003,2024-10-20,Canceled
OR1844,CID1607,EID1025,2023-04-26,Delivered
OR1845,CID1467,EID1039,2023-01-02,Delivered
OR1846,CID1337,EID1021,2024-12-09,Delivered
OR1847,CID1833,EID1005,2024-01-05,Delivered
OR1848,CID1483,EID1044,2024-05-15,Delivered
OR1849,CID1136,EID1037,2024-08-07,Delivered
OR1850,CID1433,EID1046,2023-06-21,Delivered
OR1851,CID1456,EID1001,2024-10-01,Delivered
OR1852,CID1126,EID1020,2024-02-26,Canceled
OR1853,CID1802,EID1049,2023-10-22,Delivered
OR1854,CID1553,EID1047,2024-03-08,Delivered
OR1855,CID1420,EID1026,2023-05-25,Delivered
OR1856,CID1457,EID1027,2024-08-30,Canceled
OR1857,CID1846,EID1029,2023-01-26,Delivered
OR1858,CID1300,EID1039,2023-09-28,Delivered
OR1859,CID1165,EID1003,2024-09-03,Delivered
OR1860,CID1016,EID1047,2023-04-24,Delivered
OR1861,CID1135,EID1014,2024-07-16,Delivered
OR1862,CID1467,EID1028,2024-07-16,Delivered
OR1863,CID1105,EID1025,2023-08-16,Delivered
OR1864,CID1050,EID1049,2023-05-10,Delivered
OR1865,CID1163,EID1049,2024-06-01,Delivered
OR1866,CID1122,EID1043,2024-01-09,Delivered
OR1867,CID1065,EID1046,2024-08-01,Delivered
OR1868,CID1335,EID1019,2023-12-14,Delivered
OR1869,CID1788,EID1034,2024-06-19,Delivered
OR1870,CID1380,EID1049,2023-04-17,Delivered
OR1871,CID1310,EID1032,2023-07-30,Delivered
OR1872,CID1483,EID1022,2024-03-09,Delivered
OR1873,CID1252,EID1002,2024-07-14,Canceled
OR1874,CID1815,EID1022,2024-11-19,Delivered
OR1875,CID1509,EID1019,2024-05-08,Delivered
OR1876,CID1181,EID1019,2023-09-02,Delivered
OR1877,CID1212,EID1043,2023-04-22,Delivered
OR1878,CID1039,EID1010,2023-02-21,Delivered
OR1879,CID1094,EID1038,2024-04-21,Delivered
OR1880,CID1613,EID1025,2023-02-18,Delivered
OR1881,CID1719,EID1039,2024-10-19,Delivered
OR1882,CID1529,EID1027,2023-08-26,Delivered
OR1883,CID1102,EID1019,2024-08-04,Delivered
OR1884,CID1532,EID1049,2024-12-09,Canceled
OR1885,CID1742,EID1036,2023-10-24,Delivered
OR1886,CID1663,EID1020,2023-10-04,Canceled
OR1887,CID1583,EID1007,2024-12-16,Delivered
OR1888,CID1107,EID1039,2024-06-25,Delivered
OR1889,CID1000,EID1043,2024-09-16,Canceled
OR1890,CID1613,EID1005,2024-03-03,Delivered
OR1891,CID1156,EID1009,2024-10-04,Delivered
OR1892,CID1522,EID1002,2024-01-08,Delivered
OR1893,CID1625,EID1002,2024-11-04,Delivered
OR1894,CID1506,EID1032,2024-07-13,Delivered
OR1895,CID1686,EID1045,2024-11-01,Delivered
OR1896,CID1589,EID1002,2023-04-02,Delivered
OR1897,CID1279,EID1028,2024-10-04,Canceled
OR1898,CID1529,EID1014,2023-10-12,Delivered
OR1899,CID1427,EID1047,2023-04-11,Delivered
OR1900,CID1025,EID1042,2023-07-10,Delivered
OR1901,CID1377,EID1024,2024-04-13,Delivered
OR1902,CID1301,EID1025,2024-03-10,Delivered
OR1903,CID1676,EID1045,2023-07-17,Delivered
OR1904,CID1131,EID1020,2024-12-13,Delivered
OR1905,CID1176,EID1014,2024-05-06,Delivered
OR1906,CID1057,EID1032,2024-08-09,Canceled
OR1907,CID1652,EID1048,2024-11-17,Canceled
OR1908,CID1358,EID1044,2023-11-28,Delivered
OR1909,CID1714,EID1014,2024-04-12,Delivered
OR1910,CID1571,EID1010,2024-07-27,Delivered
OR1911,CID1308,EID1039,2024-08-25,Delivered
OR1912,CID1499,EID1042,2023-11-21,Delivered
OR1913,CID1785,EID1026,2024-07-08,Canceled
OR1914,CID1362,EID1026,2023-08-24,Delivered
OR1915,CID1397,EID1027,2023-01-03,Delivered
OR1916,CID1562,EID1043,2023-12-30,Delivered
OR1917,CID1791,EID1003,2024-10-18,Delivered
OR1918,CID1650,EID1040,2023-03-24,Delivered
OR1919,CID1257,EID1044,2024-06-08,Delivered
OR1920,CID1361,EID1024,2024-03-26,Delivered
OR1921,CID1188,EID1037,2023-04-24,Delivered
OR1922,CID1476,EID1014,2023-06-04,Delivered
OR1923,CID1803,EID1026,2024-09-26,Delivered
OR1924,CID1642,EID1043,2024-07-15,Delivered
OR1925,CID1217,EID1002,2024-02-11,Delivered
OR1926,CID1531,EID1030,2023-11-14,Delivered
OR1927,CID1475,EID1000,2024-09-25,Delivered
OR1928,CID1662,EID1020,2024-10-26,Delivered
OR1929,CID1212,EID1001,2023-08-01,Delivered
OR1930,CID1187,EID1032,2024-06-09,Canceled
OR1931,CID1031,EID1007,2023-03-23,Delivered
OR1932,CID1322,EID1002,2023-10-09,Delivered
OR1933,CID1383,EID1037,2024-01-05,Delivered
OR1934,CID1414,EID1016,2024-11-26,Canceled
OR1935,CID1587,EID1023,2024-12-08,Delivered
OR1936,CID1627,EID1008,2024-11-02,Delivered
OR1937,CID1292,EID1046,2024-07-25,Delivered
OR1938,CID1302,EID1005,2024-09-01,Delivered
OR1939,CID1623,EID1042,2023-03-30,Delivered
OR1940,CID1347,EID1024,2023-01-28,Delivered
OR1941,CID1722,EID1027,2023-08-18,Delivered
OR1942,CID1480,EID1046,2024-02-18,Delivered
OR1943,CID1883,EID1036,2023-05-08,Delivered
OR1944,CID1512,EID1047,2024-06-29,Delivered
OR1945,CID1171,EID1045,2023-10-31,Delivered
OR1946,CID1062,EID1012,2023-06-06,Canceled
OR1947,CID1353,EID1008,2024-09-02,Delivered
OR1948,CID1140,EID1042,2023-05-03,Delivered
OR1949,CID1850,EID1037,2023-12-13,Canceled
OR1950,CID1106,EID1039,2023-01-18,Delivered
OR1951,CID1761,EID1005,2023-03-08,Delivered
OR1952,CID1347,EID1047,2023-05-04,Delivered
OR1953,CID1828,EID1045,2023-02-10,Delivered
OR1954,CID1294,EID1007,2024-05-24,Delivered
OR1955,CID1591,EID1029,2023-03-16,Delivered
OR1956,CID1165,EID1028,2024-01-16,Delivered
OR1957,CID1764,EID1006,2024-05-18,Delivered
OR1958,CID1831,EID1005,2023-04-09,Canceled
OR1959,CID1432,EID1033,2023-06-28,Delivered
OR1960,CID1816,EID1044,2024-05-30,Delivered
OR1961,CID1551,EID1014,2024-02-26,Delivered
OR1962,CID1169,EID1026,2023-06-15,Delivered
OR1963,CID1153,EID1035,2023-05-24,Canceled
OR1964,CID1346,EID1032,2023-07-16,Delivered
OR1965,CID1434,EID1001,2024-02-22,Delivered
OR1966,CID1832,EID1037,2023-01-13,Delivered
OR1967,CID1544,EID1012,2023-07-13,Delivered
OR1968,CID1894,EID1012,2023-07-22,Delivered
OR1969,CID1274,EID1031,2024-04-28,Delivered
OR1970,CID1453,EID1034,2023-05-04,Delivered
OR1971,CID1292,EID1002,2023-06-22,Delivered
OR1972,CID1601,EID1003,2024-03-16,Delivered
OR1973,CID1529,EID1016,2023-07-28,Canceled
OR1974,CID1238,EID1044,2023-03-28,Delivered
OR1975,CID1532,EID1003,2023-12-30,Delivered
OR1976,CID1005,EID1048,2024-06-27,Canceled
OR1977,CID1549,EID1013,2024-09-04,Delivered
OR1978,CID1051,EID1027,2023-11-10,Delivered
OR1979,CID1410,EID1048,2024-03-14,Delivered
OR1980,CID1581,EID1048,2024-04-03,Delivered
OR1981,CID1300,EID1018,2023-09-08,Delivered
OR1982,CID1634,EID1046,2024-07-05,Delivered
OR1983,CID1224,EID1038,2024-02-27,Delivered
OR1984,CID1597,EID1027,2024-10-14,Delivered
OR1985,CID1755,EID1005,2024-06-02,Delivered
OR1986,CID1531,EID1031,2024-03-13,Delivered
OR1987,CID1681,EID1019,2023-06-18,Delivered
OR1988,CID1817,EID1004,2024-12-05,Delivered
OR1989,CID1476,EID1027,2023-07-17,Delivered
OR1990,CID1534,EID1017,2024-08-02,Delivered
OR1991,CID1216,EID1046,2023-04-28,Delivered
OR1992,CID1752,EID1014,2023-01-29,Canceled
OR1993,CID1215,EID1001,2023-08-14,Delivered
OR1994,CID1254,EID1020,2023-09-20,Delivered
OR1995,CID1444,EID1041,2024-12-10,Delivered
OR1996,CID1488,EID1016,2024-11-14,Delivered
OR1997,CID1396,EID1048,2023-09-27,Delivered
OR1998,CID1011,EID1020,2023-02-07,Canceled
OR1999,CID1442,EID1018,2023-04-12,Delivered
OR2000,CID1885,EID1043,2023-04-07,Delivered
