PetID,PetDOB,PetGender,CustomerID
PT0001,2012-07-01,O,CID1035
PT0002,2010-07-24,F,CID1774
PT0003,2016-03-03,O,CID1207
PT0004,2015-06-30,F,CID1302
PT0005,2015-01-03,M,CID1596
PT0006,2013-02-17,M,CID1198
PT0007,2012-04-19,F,CID1872
PT0008,2022-03-26,O,CID1245
PT0009,2011-12-14,M,CID1288
PT0010,2023-03-31,F,CID1502
PT0011,2019-06-19,F,CID1726
PT0012,2010-09-18,O,CID1443
PT0013,2010-09-02,F,CID1376
PT0014,2012-02-07,M,CID1135
PT0015,2014-11-27,M,CID1220
PT0016,2015-03-21,O,CID1845
PT0017,2021-05-02,O,CID1448
PT0018,2023-07-03,M,CID1305
PT0019,2010-08-06,O,CID1176
PT0020,2022-08-03,M,CID1676
PT0021,2014-06-17,F,CID1157
PT0022,2022-03-23,O,CID1527
PT0023,2019-05-30,M,CID1175
PT0024,2014-12-11,O,CID1519
PT0025,2020-01-28,F,CID1653
PT0026,2023-03-21,M,CID1509
PT0027,2016-03-28,M,CID1342
PT0028,2010-02-23,M,CID1822
PT0029,2013-07-31,F,CID1880
PT0030,2019-06-25,M,CID1382
PT0031,2017-08-19,O,CID1832
PT0032,2016-03-26,M,CID1325
PT0033,2013-06-27,F,CID1557
PT0034,2014-10-30,O,CID1128
PT0035,2017-07-20,F,CID1256
PT0036,2012-04-17,O,CID1753
PT0037,2012-01-30,O,CID1819
PT0038,2018-07-10,F,CID1688
PT0039,2012-03-03,F,CID1608
PT0040,2018-01-19,F,CID1361
PT0041,2017-09-18,F,CID1176
PT0042,2023-07-17,M,CID1382
PT0043,2015-12-07,F,CID1353
PT0044,2010-12-22,O,CID1657
PT0045,2020-04-21,M,CID1204
PT0046,2022-01-10,F,CID1006
PT0047,2012-10-19,M,CID1814
PT0048,2018-06-28,O,CID1395
PT0049,2011-10-08,O,CID1701
PT0050,2022-05-20,O,CID1619
PT0051,2016-07-29,M,CID1009
PT0052,2023-11-15,M,CID1285
PT0053,2018-02-10,F,CID1176
PT0054,2022-12-13,F,CID1484
PT0055,2014-04-25,F,CID1309
PT0056,2011-07-24,O,CID1056
PT0057,2011-01-11,F,CID1879
PT0058,2015-02-10,M,CID1359
PT0059,2016-06-28,F,CID1589
PT0060,2011-10-16,O,CID1435
PT0061,2015-03-23,F,CID1088
PT0062,2012-04-07,O,CID1434
PT0063,2018-07-11,O,CID1046
PT0064,2016-03-27,O,CID1717
PT0065,2020-03-03,F,CID1756
PT0066,2018-03-08,M,CID1406
PT0067,2013-08-25,F,CID1333
PT0068,2018-04-21,O,CID1718
PT0069,2017-12-20,F,CID1259
PT0070,2014-09-13,F,CID1432
PT0071,2015-12-28,F,CID1095
PT0072,2011-08-08,O,CID1017
PT0073,2023-08-31,O,CID1885
PT0074,2013-11-02,F,CID1246
PT0075,2021-12-24,F,CID1121
PT0076,2015-06-29,F,CID1175
PT0077,2013-08-31,M,CID1136
PT0078,2020-05-14,O,CID1704
PT0079,2018-07-06,M,CID1371
PT0080,2016-01-21,O,CID1086
PT0081,2022-06-29,F,CID1898
PT0082,2014-12-05,M,CID1164
PT0083,2017-04-10,F,CID1004
PT0084,2011-04-04,M,CID1382
PT0085,2015-02-20,F,CID1505
PT0086,2010-09-20,O,CID1380
PT0087,2017-01-28,F,CID1149
PT0088,2018-12-31,O,CID1862
PT0089,2016-01-03,F,CID1053
PT0090,2011-06-27,F,CID1043
PT0091,2014-09-25,O,CID1089
PT0092,2022-09-21,O,CID1862
PT0093,2017-01-21,M,CID1779
PT0094,2014-10-08,F,CID1439
PT0095,2021-03-13,M,CID1814
PT0096,2018-11-16,M,CID1485
PT0097,2020-04-16,O,CID1657
PT0098,2013-03-16,O,CID1604
PT0099,2015-12-10,F,CID1210
PT0100,2013-02-17,M,CID1196
PT0101,2015-07-14,F,CID1701
PT0102,2022-08-04,M,CID1575
PT0103,2022-02-02,O,CID1542
PT0104,2015-11-23,F,CID1846
PT0105,2023-02-10,M,CID1344
PT0106,2019-08-11,O,CID1689
PT0107,2023-02-02,M,CID1505
PT0108,2018-12-16,F,CID1635
PT0109,2018-02-13,O,CID1123
PT0110,2014-12-02,M,CID1345
PT0111,2013-02-07,M,CID1302
PT0112,2021-06-06,F,CID1346
PT0113,2021-01-25,F,CID1429
PT0114,2012-01-15,F,CID1351
PT0115,2011-01-21,O,CID1811
PT0116,2012-06-17,O,CID1244
PT0117,2013-06-06,F,CID1346
PT0118,2013-08-03,O,CID1886
PT0119,2019-06-21,M,CID1265
PT0120,2023-05-18,F,CID1453
PT0121,2011-06-05,O,CID1739
PT0122,2018-08-19,O,CID1899
PT0123,2018-07-24,F,CID1687
PT0124,2023-05-14,F,CID1170
PT0125,2020-07-01,O,CID1028
PT0126,2021-11-13,O,CID1291
PT0127,2015-08-22,F,CID1121
PT0128,2022-05-30,O,CID1501
PT0129,2010-04-05,M,CID1667
PT0130,2012-07-27,O,CID1783
PT0131,2022-01-16,M,CID1747
PT0132,2015-12-26,M,CID1759
PT0133,2017-08-18,O,CID1738
PT0134,2012-07-02,O,CID1135
PT0135,2016-08-01,F,CID1777
PT0136,2019-10-02,M,CID1522
PT0137,2013-07-19,O,CID1475
PT0138,2020-03-05,M,CID1868
PT0139,2010-01-27,F,CID1616
PT0140,2015-11-28,M,CID1399
PT0141,2021-03-24,O,CID1481
PT0142,2014-01-03,O,CID1214
PT0143,2021-05-21,M,CID1242
PT0144,2012-05-21,F,CID1105
PT0145,2016-09-10,M,CID1046
PT0146,2021-05-21,O,CID1707
PT0147,2023-08-29,F,CID1510
PT0148,2014-06-18,M,CID1433
PT0149,2013-06-06,M,CID1880
PT0150,2018-05-22,F,CID1631
PT0151,2013-08-16,M,CID1790
PT0152,2022-02-05,F,CID1257
PT0153,2021-11-23,F,CID1433
PT0154,2010-01-05,F,CID1414
PT0155,2023-06-08,F,CID1252
PT0156,2017-04-09,M,CID1824
PT0157,2020-12-16,M,CID1721
PT0158,2010-06-09,O,CID1110
PT0159,2012-07-05,F,CID1614
PT0160,2018-02-21,O,CID1890
PT0161,2016-11-24,O,CID1024
PT0162,2015-05-16,M,CID1457
PT0163,2011-04-20,M,CID1612
PT0164,2015-05-28,M,CID1275
PT0165,2022-09-22,M,CID1444
PT0166,2011-10-08,O,CID1064
PT0167,2011-12-03,F,CID1153
PT0168,2020-11-25,O,CID1361
PT0169,2011-07-21,O,CID1776
PT0170,2021-12-12,M,CID1070
PT0171,2012-10-27,F,CID1662
PT0172,2012-11-17,O,CID1078
PT0173,2020-08-29,M,CID1643
PT0174,2022-05-01,M,CID1320
PT0175,2013-09-14,F,CID1017
PT0176,2015-12-12,O,CID1693
PT0177,2021-11-01,F,CID1660
PT0178,2023-08-10,F,CID1480
PT0179,2019-06-29,F,CID1158
PT0180,2014-10-02,O,CID1460
PT0181,2022-02-04,M,CID1195
PT0182,2014-07-06,F,CID1241
PT0183,2016-12-28,F,CID1022
PT0184,2018-12-13,O,CID1467
PT0185,2018-05-18,O,CID1385
PT0186,2019-10-29,M,CID1673
PT0187,2021-08-10,M,CID1273
PT0188,2020-02-16,F,CID1877
PT0189,2012-09-18,F,CID1859
PT0190,2015-07-24,O,CID1240
PT0191,2015-01-15,F,CID1699
PT0192,2011-06-09,O,CID1558
PT0193,2017-08-01,F,CID1829
PT0194,2010-06-22,O,CID1421
PT0195,2023-03-13,F,CID1133
PT0196,2022-06-04,F,CID1815
PT0197,2015-03-01,F,CID1161
PT0198,2023-03-14,M,CID1167
PT0199,2014-12-10,F,CID1297
PT0200,2010-02-28,F,CID1519
PT0201,2011-08-05,M,CID1803
PT0202,2011-04-28,M,CID1516
PT0203,2015-02-19,F,CID1414
PT0204,2011-07-07,O,CID1087
PT0205,2010-09-15,F,CID1056
PT0206,2017-05-30,O,CID1134
PT0207,2011-08-04,F,CID1675
PT0208,2021-07-13,O,CID1506
PT0209,2015-05-04,F,CID1723
PT0210,2016-03-31,M,CID1878
PT0211,2020-11-20,O,CID1252
PT0212,2014-10-22,F,CID1288
PT0213,2022-02-04,F,CID1373
PT0214,2012-12-19,M,CID1558
PT0215,2022-10-22,O,CID1070
PT0216,2022-12-04,O,CID1732
PT0217,2020-08-08,O,CID1423
PT0218,2015-06-14,M,CID1552
PT0219,2020-08-10,O,CID1186
PT0220,2019-02-17,O,CID1082
PT0221,2014-04-09,F,CID1345
PT0222,2012-02-12,F,CID1738
PT0223,2012-03-05,M,CID1827
PT0224,2019-09-02,O,CID1168
PT0225,2017-12-12,F,CID1218
PT0226,2019-07-02,M,CID1281
PT0227,2019-03-22,O,CID1375
PT0228,2020-06-22,M,CID1282
PT0229,2011-03-20,O,CID1481
PT0230,2012-03-17,F,CID1739
PT0231,2011-05-12,O,CID1495
PT0232,2019-01-12,O,CID1251
PT0233,2017-08-11,O,CID1817
PT0234,2012-06-14,O,CID1879
PT0235,2015-07-30,M,CID1733
PT0236,2014-04-19,O,CID1392
PT0237,2014-04-08,M,CID1292
PT0238,2022-01-11,O,CID1398
PT0239,2020-01-24,O,CID1048
PT0240,2013-02-22,M,CID1268
PT0241,2019-06-19,F,CID1621
PT0242,2014-02-12,F,CID1254
PT0243,2016-03-31,M,CID1713
PT0244,2020-05-17,O,CID1354
PT0245,2015-08-09,F,CID1292
PT0246,2011-09-10,O,CID1778
PT0247,2019-12-10,M,CID1374
PT0248,2022-05-06,M,CID1321
PT0249,2012-03-13,F,CID1342
PT0250,2011-02-19,F,CID1470
PT0251,2022-02-15,O,CID1302
PT0252,2010-05-01,F,CID1679
PT0253,2012-02-04,M,CID1587
PT0254,2015-04-21,M,CID1168
PT0255,2013-09-24,M,CID1200
PT0256,2019-02-12,O,CID1282
PT0257,2020-11-22,F,CID1704
PT0258,2020-10-18,O,CID1765
PT0259,2014-10-18,O,CID1226
PT0260,2018-12-30,F,CID1471
PT0261,2011-04-26,M,CID1135
PT0262,2013-09-10,F,CID1274
PT0263,2018-07-02,F,CID1409
PT0264,2010-01-18,F,CID1337
PT0265,2018-10-04,O,CID1380
PT0266,2015-12-13,F,CID1191
PT0267,2020-03-16,M,CID1011
PT0268,2016-05-25,F,CID1302
PT0269,2019-06-28,M,CID1643
PT0270,2022-06-19,M,CID1554
PT0271,2020-11-30,M,CID1793
PT0272,2013-06-22,O,CID1577
PT0273,2014-04-05,O,CID1293
PT0274,2016-08-27,O,CID1432
PT0275,2014-11-19,F,CID1260
PT0276,2011-04-25,O,CID1506
PT0277,2022-12-28,F,CID1385
PT0278,2022-02-28,M,CID1626
PT0279,2011-05-15,F,CID1835
PT0280,2017-01-13,M,CID1301
PT0281,2011-04-14,F,CID1244
PT0282,2011-02-15,O,CID1305
PT0283,2023-02-07,M,CID1329
PT0284,2020-09-10,F,CID1111
PT0285,2021-04-12,F,CID1083
PT0286,2021-11-29,O,CID1161
PT0287,2013-07-13,O,CID1650
PT0288,2011-04-11,O,CID1791
PT0289,2021-05-23,F,CID1379
PT0290,2011-10-19,O,CID1159
PT0291,2014-03-03,F,CID1471
PT0292,2011-07-16,O,CID1813
PT0293,2023-05-07,F,CID1543
PT0294,2011-07-11,M,CID1777
PT0295,2015-04-11,O,CID1676
PT0296,2019-01-21,M,CID1804
PT0297,2012-09-09,F,CID1610
PT0298,2022-10-11,M,CID1444
PT0299,2015-07-10,O,CID1521
PT0300,2022-12-26,O,CID1034
PT0301,2023-05-03,F,CID1606
PT0302,2010-11-22,O,CID1440
PT0303,2023-11-22,M,CID1870
PT0304,2011-11-03,O,CID1856
PT0305,2019-05-28,M,CID1245
PT0306,2023-02-03,O,CID1311
PT0307,2022-09-05,F,CID1758
PT0308,2021-09-22,O,CID1546
PT0309,2017-02-04,F,CID1753
PT0310,2015-11-07,O,CID1018
PT0311,2014-08-01,F,CID1270
PT0312,2017-01-17,M,CID1519
PT0313,2015-05-10,M,CID1718
PT0314,2015-12-16,M,CID1237
PT0315,2018-11-17,M,CID1247
PT0316,2012-12-08,F,CID1251
PT0317,2016-09-23,F,CID1368
PT0318,2020-04-03,M,CID1881
PT0319,2017-02-03,M,CID1131
PT0320,2011-08-18,M,CID1543
PT0321,2010-03-18,O,CID1739
PT0322,2020-04-12,M,CID1353
PT0323,2023-12-07,F,CID1739
PT0324,2022-08-18,F,CID1181
PT0325,2012-03-30,F,CID1098
PT0326,2011-08-24,O,CID1357
PT0327,2022-01-22,O,CID1208
PT0328,2014-10-13,O,CID1320
PT0329,2021-05-07,O,CID1831
PT0330,2015-12-13,F,CID1852
PT0331,2012-12-21,O,CID1674
PT0332,2017-10-30,O,CID1201
PT0333,2011-07-18,O,CID1686
PT0334,2015-06-25,M,CID1104
PT0335,2018-04-16,F,CID1409
PT0336,2016-05-23,O,CID1693
PT0337,2013-07-16,M,CID1714
PT0338,2019-10-30,F,CID1295
PT0339,2022-03-09,O,CID1041
PT0340,2016-10-14,F,CID1331
PT0341,2023-09-20,F,CID1454
PT0342,2021-11-12,M,CID1540
PT0343,2010-03-06,O,CID1295
PT0344,2022-06-10,F,CID1662
PT0345,2016-09-18,M,CID1217
PT0346,2012-04-28,F,CID1583
PT0347,2013-01-05,F,CID1637
PT0348,2015-12-07,M,CID1531
PT0349,2012-08-03,F,CID1094
PT0350,2012-05-26,M,CID1807
PT0351,2022-05-30,O,CID1584
PT0352,2013-06-27,F,CID1372
PT0353,2016-02-10,O,CID1462
PT0354,2016-04-27,O,CID1865
PT0355,2023-07-26,F,CID1852
PT0356,2014-09-22,M,CID1676
PT0357,2017-09-09,F,CID1263
PT0358,2014-07-26,F,CID1218
PT0359,2015-12-03,M,CID1266
PT0360,2021-05-03,M,CID1294
PT0361,2020-12-16,F,CID1509
PT0362,2015-08-20,M,CID1092
PT0363,2011-02-21,O,CID1824
PT0364,2012-01-27,M,CID1663
PT0365,2019-07-02,O,CID1534
PT0366,2016-03-16,O,CID1724
PT0367,2010-12-28,O,CID1409
PT0368,2010-01-30,M,CID1023
PT0369,2017-06-25,M,CID1738
PT0370,2012-12-07,F,CID1846
PT0371,2015-11-16,M,CID1027
PT0372,2013-08-16,M,CID1122
PT0373,2019-11-29,O,CID1619
PT0374,2022-05-17,M,CID1370
PT0375,2019-08-05,M,CID1707
PT0376,2022-07-31,O,CID1255
PT0377,2010-03-21,M,CID1680
PT0378,2012-07-05,O,CID1160
PT0379,2011-09-09,M,CID1301
PT0380,2013-05-06,M,CID1357
PT0381,2022-03-28,F,CID1548
PT0382,2010-10-23,M,CID1148
PT0383,2018-04-13,O,CID1167
PT0384,2023-01-24,M,CID1763
PT0385,2022-05-24,F,CID1139
PT0386,2013-04-28,M,CID1491
PT0387,2019-08-22,M,CID1420
PT0388,2012-11-10,O,CID1298
PT0389,2010-12-09,F,CID1730
PT0390,2016-11-30,M,CID1324
PT0391,2018-03-07,M,CID1716
PT0392,2010-11-23,O,CID1103
PT0393,2018-01-10,M,CID1845
PT0394,2014-09-17,M,CID1204
PT0395,2015-08-07,M,CID1456
PT0396,2012-04-22,F,CID1145
PT0397,2017-12-07,M,CID1120
PT0398,2022-07-23,O,CID1313
PT0399,2019-02-12,F,CID1794
PT0400,2023-12-03,M,CID1390
PT0401,2013-06-20,M,CID1158
PT0402,2015-04-24,F,CID1736
PT0403,2013-08-24,M,CID1419
PT0404,2013-12-21,M,CID1286
PT0405,2019-04-01,O,CID1478
PT0406,2010-07-23,F,CID1609
PT0407,2014-01-09,O,CID1815
PT0408,2017-06-14,M,CID1756
PT0409,2019-03-27,O,CID1381
PT0410,2015-07-26,M,CID1767
PT0411,2015-12-26,F,CID1887
PT0412,2013-07-28,F,CID1885
PT0413,2012-06-04,F,CID1034
PT0414,2018-07-31,O,CID1394
PT0415,2010-11-14,O,CID1134
PT0416,2020-07-22,M,CID1390
PT0417,2014-12-28,F,CID1643
PT0418,2014-06-23,O,CID1370
PT0419,2020-04-28,M,CID1852
PT0420,2017-11-04,O,CID1329
PT0421,2016-11-05,M,CID1649
PT0422,2015-02-08,O,CID1657
PT0423,2015-01-01,O,CID1090
PT0424,2010-07-13,O,CID1873
PT0425,2014-05-02,F,CID1286
PT0426,2018-12-09,F,CID1177
PT0427,2017-05-13,O,CID1730
PT0428,2016-04-01,M,CID1269
PT0429,2011-07-23,M,CID1590
PT0430,2016-04-05,F,CID1363
PT0431,2017-11-16,F,CID1606
PT0432,2021-06-05,F,CID1118
PT0433,2018-12-19,O,CID1180
PT0434,2022-01-10,M,CID1273
PT0435,2017-06-05,F,CID1051
PT0436,2010-08-15,O,CID1229
PT0437,2012-08-02,F,CID1878
PT0438,2015-11-10,M,CID1071
PT0439,2014-01-02,M,CID1355
PT0440,2023-01-09,F,CID1386
PT0441,2015-12-15,O,CID1783
PT0442,2010-11-10,M,CID1604
PT0443,2012-06-07,M,CID1586
PT0444,2023-05-20,M,CID1032
PT0445,2019-09-30,F,CID1406
PT0446,2017-10-02,O,CID1311
PT0447,2017-01-13,O,CID1078
PT0448,2019-10-15,O,CID1838
PT0449,2023-08-07,O,CID1805
PT0450,2021-06-21,O,CID1527
PT0451,2012-08-05,F,CID1356
PT0452,2018-08-22,F,CID1020
PT0453,2022-12-07,O,CID1794
PT0454,2014-04-07,O,CID1032
PT0455,2015-09-18,F,CID1814
PT0456,2010-12-30,F,CID1466
PT0457,2019-10-13,O,CID1179
PT0458,2010-01-14,O,CID1577
PT0459,2021-08-30,F,CID1114
PT0460,2022-01-28,M,CID1073
PT0461,2014-06-03,O,CID1317
PT0462,2018-03-03,M,CID1047
PT0463,2019-09-04,O,CID1895
PT0464,2011-07-28,O,CID1530
PT0465,2017-05-28,O,CID1192
PT0466,2023-12-23,O,CID1060
PT0467,2017-01-15,M,CID1112
PT0468,2012-10-17,F,CID1889
PT0469,2016-09-26,F,CID1065
PT0470,2021-05-17,M,CID1624
PT0471,2016-12-08,F,CID1237
PT0472,2019-02-28,F,CID1765
PT0473,2017-04-26,F,CID1324
PT0474,2019-01-10,F,CID1304
PT0475,2016-08-19,F,CID1830
PT0476,2022-06-08,O,CID1004
PT0477,2012-11-08,M,CID1509
PT0478,2014-04-21,F,CID1510
PT0479,2019-06-07,F,CID1207
PT0480,2018-07-03,F,CID1442
PT0481,2013-11-26,O,CID1283
PT0482,2023-10-22,F,CID1443
PT0483,2022-10-07,F,CID1354
PT0484,2016-10-01,M,CID1724
PT0485,2019-02-09,O,CID1202
PT0486,2022-04-16,F,CID1874
PT0487,2010-01-04,M,CID1248
PT0488,2016-10-25,M,CID1249
PT0489,2016-06-08,M,CID1297
PT0490,2014-09-18,M,CID1028
PT0491,2019-08-23,F,CID1850
PT0492,2023-01-04,M,CID1733
PT0493,2023-08-10,O,CID1668
PT0494,2017-03-24,O,CID1619
PT0495,2020-06-06,F,CID1795
PT0496,2019-11-29,M,CID1200
PT0497,2019-12-02,O,CID1708
PT0498,2014-10-17,M,CID1058
PT0499,2021-06-19,O,CID1533
PT0500,2020-08-12,O,CID1113
PT0501,2013-10-22,O,CID1555
PT0502,2011-11-26,F,CID1198
PT0503,2016-05-13,O,CID1646
PT0504,2021-07-24,M,CID1790
PT0505,2023-11-21,F,CID1279
PT0506,2017-07-08,F,CID1887
PT0507,2012-02-05,O,CID1394
PT0508,2015-04-09,F,CID1037
PT0509,2016-12-17,O,CID1566
PT0510,2015-01-15,M,CID1171
PT0511,2014-06-20,F,CID1485
PT0512,2013-04-22,O,CID1692
PT0513,2010-07-20,F,CID1757
PT0514,2011-01-14,F,CID1719
PT0515,2015-06-29,M,CID1084
PT0516,2020-08-28,O,CID1639
PT0517,2023-09-17,O,CID1220
PT0518,2011-08-20,M,CID1841
PT0519,2020-03-19,M,CID1298
PT0520,2019-04-19,O,CID1804
PT0521,2022-11-29,F,CID1265
PT0522,2014-05-12,M,CID1651
PT0523,2018-08-12,M,CID1614
PT0524,2021-02-01,F,CID1055
PT0525,2018-12-18,O,CID1353
PT0526,2015-06-22,F,CID1832
PT0527,2013-04-23,M,CID1225
PT0528,2010-02-15,F,CID1482
PT0529,2012-05-23,O,CID1148
PT0530,2019-07-15,M,CID1552
PT0531,2014-11-28,F,CID1048
PT0532,2013-12-11,O,CID1208
PT0533,2021-08-14,O,CID1787
PT0534,2020-06-02,O,CID1676
PT0535,2011-02-16,O,CID1281
PT0536,2022-07-03,O,CID1496
PT0537,2015-08-04,O,CID1651
PT0538,2012-09-21,M,CID1164
PT0539,2020-03-28,O,CID1855
PT0540,2012-12-28,O,CID1059
PT0541,2020-06-03,O,CID1897
PT0542,2021-11-30,F,CID1134
PT0543,2022-07-15,M,CID1066
PT0544,2023-05-10,M,CID1537
PT0545,2017-02-12,F,CID1384
PT0546,2019-12-05,O,CID1821
PT0547,2023-09-28,F,CID1212
PT0548,2021-04-28,F,CID1263
PT0549,2019-07-28,F,CID1666
PT0550,2022-04-16,M,CID1188
PT0551,2020-01-01,M,CID1332
PT0552,2013-07-27,M,CID1332
PT0553,2020-08-24,O,CID1850
PT0554,2020-02-04,O,CID1719
PT0555,2015-10-25,F,CID1031
PT0556,2015-07-19,M,CID1792
PT0557,2016-03-21,M,CID1646
PT0558,2021-09-10,O,CID1618
PT0559,2020-11-13,O,CID1535
PT0560,2015-05-14,M,CID1464
PT0561,2016-02-28,M,CID1120
PT0562,2019-11-13,O,CID1402
PT0563,2011-09-27,O,CID1727
PT0564,2016-05-29,M,CID1413
PT0565,2015-04-05,F,CID1661
PT0566,2016-02-04,F,CID1029
PT0567,2017-07-14,F,CID1346
PT0568,2017-03-04,F,CID1125
PT0569,2022-02-11,M,CID1049
PT0570,2011-10-23,F,CID1040
PT0571,2013-02-07,F,CID1765
PT0572,2013-05-20,O,CID1796
PT0573,2015-03-10,F,CID1155
PT0574,2018-08-04,O,CID1738
PT0575,2013-06-05,O,CID1466
PT0576,2014-10-19,M,CID1393
PT0577,2011-06-11,M,CID1097
PT0578,2019-04-22,M,CID1883
PT0579,2019-02-22,M,CID1261
PT0580,2017-06-03,O,CID1258
PT0581,2022-03-04,M,CID1586
PT0582,2020-06-13,O,CID1573
PT0583,2019-04-30,M,CID1310
PT0584,2011-05-26,F,CID1790
PT0585,2014-08-22,F,CID1172
PT0586,2019-06-04,O,CID1481
PT0587,2018-09-26,F,CID1768
PT0588,2023-02-06,F,CID1020
PT0589,2010-06-10,O,CID1275
PT0590,2022-11-30,F,CID1115
PT0591,2018-07-14,F,CID1361
PT0592,2020-09-12,F,CID1758
PT0593,2010-02-18,M,CID1630
PT0594,2017-11-21,O,CID1617
PT0595,2016-09-12,M,CID1528
PT0596,2018-09-30,F,CID1387
PT0597,2019-05-26,F,CID1311
PT0598,2022-01-27,M,CID1067
PT0599,2022-04-01,F,CID1044
PT0600,2023-07-13,O,CID1517
PT0601,2014-12-12,O,CID1813
PT0602,2020-12-13,O,CID1274
PT0603,2014-12-03,F,CID1722
PT0604,2016-02-14,O,CID1784
PT0605,2019-10-11,O,CID1310
PT0606,2020-11-22,F,CID1883
PT0607,2010-08-26,M,CID1271
PT0608,2018-09-21,M,CID1789
PT0609,2017-07-16,F,CID1608
PT0610,2019-01-26,O,CID1899
PT0611,2013-09-14,M,CID1677
PT0612,2020-06-25,M,CID1413
PT0613,2012-11-11,M,CID1461
PT0614,2023-12-16,F,CID1215
PT0615,2021-12-24,M,CID1797
PT0616,2010-08-09,M,CID1840
PT0617,2018-11-02,F,CID1315
PT0618,2023-04-11,F,CID1395
PT0619,2022-08-29,F,CID1290
PT0620,2010-08-11,M,CID1033
PT0621,2011-11-19,M,CID1313
PT0622,2019-08-13,F,CID1158
PT0623,2013-01-16,O,CID1459
PT0624,2020-05-10,F,CID1592
PT0625,2014-01-28,M,CID1455
PT0626,2011-02-16,M,CID1365
PT0627,2015-11-02,F,CID1224
PT0628,2018-07-03,O,CID1712
PT0629,2017-05-05,O,CID1553
PT0630,2014-09-30,M,CID1034
PT0631,2020-03-13,O,CID1505
PT0632,2017-05-01,O,CID1376
PT0633,2017-07-27,O,CID1885
PT0634,2018-07-03,F,CID1316
PT0635,2016-03-29,M,CID1463
PT0636,2019-06-16,F,CID1058
PT0637,2015-08-29,O,CID1017
PT0638,2011-11-02,M,CID1007
PT0639,2020-07-19,F,CID1807
PT0640,2010-06-08,M,CID1420
PT0641,2022-02-05,F,CID1612
PT0642,2011-03-03,M,CID1137
PT0643,2017-11-06,F,CID1778
PT0644,2015-01-11,O,CID1629
PT0645,2011-07-17,F,CID1067
PT0646,2010-11-26,O,CID1660
PT0647,2010-09-12,F,CID1781
PT0648,2015-07-19,O,CID1287
PT0649,2014-06-22,O,CID1281
PT0650,2010-06-16,F,CID1364
PT0651,2023-12-08,F,CID1821
PT0652,2013-06-02,M,CID1771
PT0653,2015-05-09,F,CID1604
PT0654,2012-10-31,M,CID1484
PT0655,2020-08-15,F,CID1837
PT0656,2012-07-26,M,CID1493
PT0657,2022-08-26,O,CID1283
PT0658,2014-11-21,F,CID1793
PT0659,2020-06-06,O,CID1036
PT0660,2015-10-01,F,CID1779
PT0661,2018-04-10,M,CID1382
PT0662,2013-10-06,F,CID1370
PT0663,2023-08-04,M,CID1229
PT0664,2023-08-15,M,CID1797
PT0665,2012-07-27,F,CID1346
PT0666,2013-09-03,O,CID1283
PT0667,2016-12-23,F,CID1432
PT0668,2012-06-04,O,CID1284
PT0669,2022-12-24,M,CID1043
PT0670,2010-07-30,F,CID1459
PT0671,2016-12-30,F,CID1767
PT0672,2022-11-30,O,CID1773
PT0673,2018-06-02,F,CID1746
PT0674,2018-11-24,M,CID1228
PT0675,2014-06-13,F,CID1307
PT0676,2011-09-15,M,CID1873
PT0677,2023-04-13,M,CID1008
PT0678,2015-06-13,O,CID1509
PT0679,2012-04-14,O,CID1189
PT0680,2016-10-06,M,CID1567
PT0681,2023-06-20,O,CID1846
PT0682,2012-09-18,O,CID1163
PT0683,2022-09-11,M,CID1482
PT0684,2010-12-03,F,CID1032
PT0685,2017-10-15,F,CID1081
PT0686,2021-12-13,O,CID1700
PT0687,2019-08-11,O,CID1644
PT0688,2018-04-24,M,CID1254
PT0689,2011-07-19,M,CID1572
PT0690,2021-05-07,M,CID1585
PT0691,2017-08-27,M,CID1876
PT0692,2010-04-14,F,CID1362
PT0693,2019-06-04,M,CID1191
PT0694,2020-12-29,M,CID1599
PT0695,2012-05-14,O,CID1326
PT0696,2019-09-22,M,CID1444
PT0697,2018-02-15,O,CID1293
PT0698,2020-04-24,M,CID1890
PT0699,2013-06-07,M,CID1030
PT0700,2019-10-08,O,CID1419
PT0701,2013-12-13,F,CID1653
PT0702,2021-09-14,F,CID1192
PT0703,2016-01-22,O,CID1172
PT0704,2023-10-25,O,CID1187
PT0705,2022-01-26,F,CID1225
PT0706,2020-11-04,O,CID1166
PT0707,2020-06-05,O,CID1162
PT0708,2019-10-09,O,CID1703
PT0709,2023-04-16,O,CID1408
PT0710,2016-01-08,O,CID1558
PT0711,2017-03-25,F,CID1578
PT0712,2015-07-05,O,CID1703
PT0713,2011-12-11,F,CID1794
PT0714,2016-04-03,M,CID1614
PT0715,2020-02-10,F,CID1086
PT0716,2015-06-21,M,CID1428
PT0717,2020-06-03,F,CID1641
PT0718,2022-10-13,F,CID1730
PT0719,2023-09-09,O,CID1216
PT0720,2018-07-02,F,CID1534
PT0721,2017-07-18,F,CID1456
PT0722,2010-08-24,O,CID1753
PT0723,2021-02-01,M,CID1190
PT0724,2017-04-16,F,CID1739
PT0725,2014-01-29,O,CID1762
PT0726,2020-12-08,M,CID1631
PT0727,2014-10-04,F,CID1391
PT0728,2017-12-16,F,CID1325
PT0729,2015-10-18,F,CID1111
PT0730,2017-08-20,M,CID1279
PT0731,2016-04-09,M,CID1673
PT0732,2023-05-16,F,CID1148
PT0733,2016-03-13,F,CID1104
PT0734,2022-06-20,M,CID1276
PT0735,2010-03-25,O,CID1192
PT0736,2021-08-03,M,CID1303
PT0737,2014-04-15,O,CID1787
PT0738,2011-12-03,O,CID1176
PT0739,2015-06-01,O,CID1518
PT0740,2019-02-12,F,CID1711
PT0741,2020-12-16,F,CID1341
PT0742,2022-06-15,O,CID1506
PT0743,2015-05-23,O,CID1850
PT0744,2020-09-05,O,CID1531
PT0745,2021-01-03,M,CID1481
PT0746,2020-01-20,F,CID1756
PT0747,2010-05-22,O,CID1804
PT0748,2012-02-02,O,CID1010
PT0749,2016-08-07,M,CID1208
PT0750,2014-12-21,F,CID1376
PT0751,2019-01-26,O,CID1318
PT0752,2015-06-17,F,CID1580
PT0753,2016-11-13,O,CID1544
PT0754,2023-01-17,M,CID1141
PT0755,2018-04-12,M,CID1459
PT0756,2020-08-12,F,CID1475
PT0757,2022-06-01,M,CID1011
PT0758,2021-11-28,F,CID1588
PT0759,2017-09-17,O,CID1026
PT0760,2019-07-18,M,CID1638
PT0761,2022-05-06,O,CID1054
PT0762,2017-06-02,O,CID1566
PT0763,2017-11-22,M,CID1380
PT0764,2020-03-06,M,CID1708
PT0765,2016-01-29,M,CID1189
PT0766,2016-11-16,O,CID1094
PT0767,2015-08-22,F,CID1843
PT0768,2015-03-04,F,CID1114
PT0769,2012-09-15,O,CID1515
PT0770,2014-04-27,O,CID1413
PT0771,2017-01-28,O,CID1426
PT0772,2012-09-06,M,CID1319
PT0773,2022-01-07,F,CID1691
PT0774,2014-02-25,F,CID1896
PT0775,2014-04-19,F,CID1582
PT0776,2014-11-08,F,CID1237
PT0777,2020-11-10,F,CID1174
PT0778,2016-03-15,F,CID1153
PT0779,2023-03-23,O,CID1224
PT0780,2021-10-07,O,CID1859
PT0781,2023-05-21,M,CID1789
PT0782,2016-05-07,O,CID1470
PT0783,2012-04-03,O,CID1587
PT0784,2014-05-10,F,CID1204
PT0785,2016-08-23,M,CID1090
PT0786,2015-02-07,F,CID1611
PT0787,2018-02-04,M,CID1002
PT0788,2014-01-09,O,CID1683
PT0789,2016-10-12,O,CID1366
PT0790,2010-04-26,F,CID1117
PT0791,2021-12-24,F,CID1135
PT0792,2012-11-02,F,CID1588
PT0793,2016-02-26,O,CID1057
PT0794,2011-01-08,O,CID1843
PT0795,2011-03-23,O,CID1210
PT0796,2022-05-31,M,CID1619
PT0797,2016-07-21,F,CID1450
PT0798,2012-10-31,M,CID1236
PT0799,2021-01-04,O,CID1317
PT0800,2012-04-20,O,CID1148
PT0801,2010-04-11,M,CID1170
PT0802,2022-11-16,F,CID1303
PT0803,2016-05-18,F,CID1896
PT0804,2020-07-12,O,CID1044
PT0805,2020-09-26,O,CID1723
PT0806,2019-11-18,O,CID1196
PT0807,2017-08-23,F,CID1075
PT0808,2014-02-19,M,CID1739
PT0809,2011-02-25,O,CID1427
PT0810,2015-08-31,O,CID1153
PT0811,2020-09-18,M,CID1325
PT0812,2012-07-23,F,CID1017
PT0813,2011-06-20,O,CID1403
PT0814,2018-12-27,F,CID1221
PT0815,2021-01-11,O,CID1652
PT0816,2011-08-30,F,CID1830
PT0817,2022-12-10,M,CID1891
PT0818,2011-03-16,O,CID1669
PT0819,2013-05-27,O,CID1469
PT0820,2013-05-07,O,CID1095
PT0821,2022-08-16,O,CID1608
PT0822,2016-10-25,O,CID1478
PT0823,2011-11-29,M,CID1284
PT0824,2015-07-27,O,CID1410
PT0825,2012-08-28,O,CID1139
PT0826,2022-07-08,F,CID1260
PT0827,2019-05-03,O,CID1687
PT0828,2023-08-07,F,CID1852
PT0829,2023-05-16,M,CID1854
PT0830,2023-11-15,F,CID1447
PT0831,2015-01-23,F,CID1573
PT0832,2021-09-20,M,CID1717
PT0833,2018-07-14,M,CID1347
PT0834,2020-02-08,F,CID1132
PT0835,2019-12-06,F,CID1385
PT0836,2016-09-01,M,CID1522
PT0837,2023-03-15,M,CID1553
PT0838,2019-08-14,M,CID1035
PT0839,2016-11-06,M,CID1048
PT0840,2022-10-03,M,CID1402
PT0841,2023-12-06,F,CID1203
PT0842,2011-05-09,M,CID1053
PT0843,2023-09-04,O,CID1748
PT0844,2012-03-23,O,CID1066
PT0845,2014-08-30,O,CID1749
PT0846,2014-09-25,O,CID1363
PT0847,2015-12-08,M,CID1693
PT0848,2011-10-28,O,CID1754
PT0849,2013-07-10,F,CID1475
PT0850,2015-05-19,O,CID1522
PT0851,2013-11-24,M,CID1768
PT0852,2022-05-19,O,CID1036
PT0853,2011-09-07,F,CID1380
PT0854,2013-07-06,M,CID1861
PT0855,2010-01-22,M,CID1423
PT0856,2019-03-01,M,CID1173
PT0857,2020-02-08,O,CID1759
PT0858,2023-04-27,O,CID1400
PT0859,2020-07-16,M,CID1308
PT0860,2016-07-13,O,CID1814
PT0861,2010-09-25,F,CID1098
PT0862,2015-03-12,M,CID1550
PT0863,2016-06-18,F,CID1761
PT0864,2016-05-05,F,CID1300
PT0865,2020-03-08,O,CID1490
PT0866,2011-08-07,O,CID1362
PT0867,2015-03-28,M,CID1558
PT0868,2015-12-08,F,CID1013
PT0869,2023-03-25,O,CID1853
PT0870,2014-06-09,F,CID1669
PT0871,2019-07-15,O,CID1353
PT0872,2012-07-29,F,CID1067
PT0873,2022-03-20,M,CID1708
PT0874,2015-01-16,O,CID1264
PT0875,2013-05-05,M,CID1586
PT0876,2015-12-17,F,CID1336
PT0877,2013-03-11,F,CID1802
PT0878,2011-08-08,M,CID1060
PT0879,2011-05-04,F,CID1209
PT0880,2013-09-21,O,CID1603
PT0881,2016-11-24,O,CID1311
PT0882,2023-05-07,F,CID1589
PT0883,2022-10-07,F,CID1695
PT0884,2016-06-22,F,CID1867
PT0885,2019-11-07,F,CID1560
PT0886,2012-10-15,O,CID1069
PT0887,2020-07-06,O,CID1607
PT0888,2016-10-27,F,CID1071
PT0889,2019-01-11,M,CID1759
PT0890,2016-02-09,M,CID1733
PT0891,2021-03-23,O,CID1120
PT0892,2022-02-10,M,CID1235
PT0893,2021-01-28,F,CID1335
PT0894,2019-10-27,M,CID1051
PT0895,2011-10-21,O,CID1299
PT0896,2023-06-01,F,CID1608
PT0897,2010-11-23,F,CID1092
PT0898,2019-09-10,O,CID1366
PT0899,2017-03-25,M,CID1725
PT0900,2023-07-17,O,CID1562
PT0901,2015-08-14,O,CID1233
PT0902,2010-07-31,M,CID1595
PT0903,2012-01-19,F,CID1127
PT0904,2015-02-19,M,CID1257
PT0905,2022-11-26,M,CID1157
PT0906,2023-03-03,F,CID1700
PT0907,2010-06-19,F,CID1733
PT0908,2016-01-17,O,CID1178
PT0909,2022-12-04,M,CID1763
PT0910,2010-11-26,F,CID1621
PT0911,2013-12-06,M,CID1844
PT0912,2020-07-21,M,CID1534
PT0913,2021-08-22,F,CID1182
PT0914,2019-12-02,F,CID1477
PT0915,2016-03-28,M,CID1061
PT0916,2014-01-26,F,CID1433
PT0917,2023-02-17,M,CID1878
PT0918,2019-10-11,F,CID1603
PT0919,2021-01-11,O,CID1711
PT0920,2012-01-18,F,CID1547
PT0921,2020-07-17,M,CID1675
PT0922,2017-10-21,F,CID1371
PT0923,2019-02-28,M,CID1023
PT0924,2017-06-23,F,CID1335
PT0925,2017-03-15,M,CID1310
PT0926,2012-05-06,M,CID1425
PT0927,2013-08-10,F,CID1162
PT0928,2017-05-25,M,CID1849
PT0929,2019-03-27,O,CID1515
PT0930,2021-02-10,O,CID1561
PT0931,2016-06-19,F,CID1117
PT0932,2018-12-25,M,CID1299
PT0933,2022-05-04,M,CID1401
PT0934,2010-10-28,M,CID1496
PT0935,2020-03-14,F,CID1677
PT0936,2011-12-23,F,CID1768
PT0937,2017-01-20,O,CID1037
PT0938,2015-08-30,M,CID1825
PT0939,2017-04-02,O,CID1345
PT0940,2012-08-07,F,CID1314
PT0941,2019-01-25,F,CID1825
PT0942,2021-07-17,O,CID1018
PT0943,2010-01-10,M,CID1550
PT0944,2022-03-03,M,CID1269
PT0945,2020-05-12,M,CID1015
PT0946,2019-04-09,F,CID1357
PT0947,2011-03-21,M,CID1232
PT0948,2014-03-17,M,CID1691
PT0949,2021-08-18,O,CID1316
PT0950,2018-02-11,O,CID1400
